路線,地点標名称,緯度（度）,緯度（分）,緯度（秒）,経度（度）,経度（分）,経度（秒）
4,0,35,41,2.7,139,46,28.2
4,0.1,35,41,5.8,139,46,28.2
4,0.2,35,41,8.5,139,46,27.2
4,0.4,35,41,10.6,139,46,26.3
4,0.5,35,41,18.2,139,46,23
4,0.522,35,41,19.7,139,46,22.4
4,0.6,35,41,19.9,139,46,25.5
4,0.7,35,41,21.1,139,46,29.2
4,0.786,35,41,22.1,139,46,32.3
4,0.9,35,41,25.8,139,46,30.9
4,1,35,41,28.4015,139,46,29.1272
4,1.1,35,41,31.9,139,46,29.4
4,1.2,35,41,35,139,46,29.8
4,1.4,35,41,41.4,139,46,30.8
4,1.5,35,41,44.7,139,46,31.2
4,1.6,35,41,47.9,139,46,31.8
4,1.8,35,41,54.3,139,46,32
4,1.9,35,41,57.5,139,46,31.9
4,2,35,42,0.6582,139,46,31.2714
4,2.1,35,42,4.1,139,46,32.2
4,2.2,35,42,7.1,139,46,32.5
4,2.4,35,42,13.6,139,46,33.2
4,2.6,35,42,19.9,139,46,33.9
4,2.8,35,42,26.6,139,46,34.7
4,2.9,35,42,29.7,139,46,34.9
4,3,35,42,33.0917,139,46,34.5878
4,4,35,43,0.6631,139,46,52.58
4,5,35,43,28.2792,139,47,14.3664
4,6,35,43,56.2737,139,47,33.2635
4,7,35,44,25.2254,139,47,51.9802
4,8,35,44,57.6681,139,47,57.4985
4,9,35,45,28.3576,139,48,7.9618
4,10,35,46,0.2781,139,48,12.7812
4,11,35,46,32.6654,139,48,11.3331
4,12,35,47,4.8015,139,48,10.2343
4,13,35,47,36.7784,139,48,8.2582
4,14,35,48,9.3494,139,48,5.5128
4,14.6,35,48,25.1778,139,47,57.9957
4,15,35,48,33.5283,139,47,45.2068
4,15.2,35,48,38.8646,139,47,39.5975
4,15.4,35,48,44.9519,139,47,36.7659
4,18.2,35,50,14.7805,139,47,23.1672
4,18.4,35,50,20.9214,139,47,20.8511
4,18.6,35,50,27.4361,139,47,18.4217
4,18.8,35,50,33.4084,139,47,16.202
4,19,35,50,39.6875,139,47,13.8313
4,19.2,35,50,46.0033,139,47,11.4821
4,19.4,35,50,51.7001,139,47,9.1782
4,19.6,35,50,58.192,139,47,6.9201
4,19.8,35,51,4.3665,139,47,4.5174
4,20,35,51,10.7694,139,47,2.2124
4,20.2,35,51,16.8701,139,46,59.8464
4,20.4,35,51,23.1067,139,46,57.5242
4,20.6,35,51,29.4511,139,46,55.0492
4,20.8,35,51,35.3436,139,46,53.045
4,21,35,51,41.3436,139,46,50.8078
4,21.2,35,51,47.8386,139,46,48.5508
4,21.4,35,51,53.9648,139,46,47.1354
4,21.6,35,52,0.5047,139,46,45.8336
4,21.8,35,52,7.0333,139,46,44.5263
4,22,35,52,13.3217,139,46,43.2528
4,22.2,35,52,19.5896,139,46,41.9971
4,22.4,35,52,26.0197,139,46,40.7329
4,22.6,35,52,32.3303,139,46,39.2415
4,22.8,35,52,38.5216,139,46,36.9809
4,23,35,52,44.7451,139,46,34.0917
4,23.2,35,52,50.8778,139,46,31.2138
4,23.4,35,52,56.828,139,46,28.4531
4,23.6,35,53,2.8669,139,46,25.6299
4,23.8,35,53,8.9588,139,46,22.7874
4,24,35,53,15.4728,139,46,19.7268
4,24.2,35,53,21.1191,139,46,17.1013
4,24.4,35,53,27.1667,139,46,14.2621
4,24.6,35,53,33.1432,139,46,11.4663
4,24.8,35,53,39.0786,139,46,8.6838
4,25,35,53,45.4275,139,46,5.686
4,25.2,35,53,51.4914,139,46,2.8611
4,25.4,35,53,57.5855,139,46,0.2203
4,25.6,35,54,4.1293,139,45,59.1502
4,25.8,35,54,10.624,139,46,0.1393
4,26,35,54,16.6884,139,46,2.261
4,26.2,35,54,22.8459,139,46,4.4544
4,26.4,35,54,29.1396,139,46,6.6879
4,26.6,35,54,35.3771,139,46,8.9085
4,26.8,35,54,41.5085,139,46,11.4997
4,27,35,54,47.2979,139,46,15.6405
4,27.2,35,54,52.2422,139,46,20.7046
4,27.4,35,54,57.3689,139,46,26.4168
4,27.6,35,55,2.137,139,46,31.6544
4,27.8,35,55,6.9111,139,46,36.8036
4,28,35,55,11.6844,139,46,42.1154
4,28.2,35,55,16.5316,139,46,46.9069
4,28.4,35,55,21.4507,139,46,52.4425
4,28.6,35,55,25.2684,139,46,56.4288
4,28.8,35,55,32.515,139,46,57.4548
4,29,35,55,38.6178,139,46,55.4309
4,29.2,35,55,44.3063,139,46,51.4959
4,29.4,35,55,49.9564,139,46,47.5675
4,29.6,35,55,55.7411,139,46,43.4655
4,29.8,35,56,1.3408,139,46,39.9334
4,30,35,56,7.7492,139,46,38.6684
4,30.2,35,56,14.3869,139,46,37.8963
4,30.4,35,56,20.5397,139,46,36.8275
4,30.6,35,56,27.0674,139,46,35.6941
4,30.8,35,56,33.4716,139,46,34.568
4,31,35,56,39.739,139,46,33.4288
4,31.2,35,56,46.1721,139,46,32.3214
4,31.4,35,56,52.7128,139,46,32.1437
4,31.6,35,56,59.2489,139,46,32.0581
4,31.8,35,57,5.428,139,46,33.3453
4,32,35,57,12.1258,139,46,34.9621
4,32.2,35,57,18.5125,139,46,35.8755
4,32.4,35,57,23.8878,139,46,33.6865
4,32.6,35,57,29.9917,139,46,29.4541
4,32.8,35,57,35.6991,139,46,25.4267
4,33,35,57,40.9597,139,46,21.7083
4,33.2,35,57,46.5695,139,46,17.8699
4,33.4,35,57,52.7872,139,46,14.643
4,33.6,35,57,58.8033,139,46,11.7707
4,33.8,35,58,4.4756,139,46,9.0472
4,34,35,58,11.1883,139,46,5.8087
4,34.2,35,58,17.0185,139,46,2.464
4,34.4,35,58,22.9105,139,45,59.0005
4,34.6,35,58,28.9341,139,45,55.5388
4,34.8,35,58,35.2012,139,45,52.1448
4,35,35,58,40.6589,139,45,48.9997
4,35.2,35,58,46.5016,139,45,45.6608
4,35.4,35,58,51.9354,139,45,41.5122
4,35.6,35,58,58.2079,139,45,38.8561
4,35.8,35,59,4.5856,139,45,36.9558
4,36,35,59,9.8454,139,45,33.4816
4,36.8,35,59,27.3334,139,45,10.8585
4,37,35,59,34.3713,139,45,9.0018
4,37.2,35,59,40.7983,139,45,7.7029
4,37.4,35,59,47.8381,139,45,7.8638
4,37.6,35,59,53.8389,139,45,8.1878
4,37.8,36,0,0.4109,139,45,8.5196
4,38,36,0,6.8079,139,45,8.7541
4,38.2,36,0,13.0898,139,45,9.87
4,38.4,36,0,19.5492,139,45,11.8625
4,38.6,36,0,25.1658,139,45,13.6759
4,38.8,36,0,32.1068,139,45,15.698
4,39,36,0,38.2718,139,45,17.2779
4,39.2,36,0,44.6445,139,45,17.1067
4,39.4,36,0,50.0803,139,45,13.1932
4,39.6,36,0,54.7282,139,45,7.6119
4,39.8,36,0,59.4011,139,45,2.2244
4,40,36,1,3.7935,139,44,55.9174
4,40.2,36,1,7.7636,139,44,49.6801
4,40.4,36,1,11.9566,139,44,43.6804
4,40.6,36,1,16.4845,139,44,38.2533
4,40.8,36,1,21.6302,139,44,33.251
4,41,36,1,26.64,139,44,27.9548
4,41.2,36,1,30.8942,139,44,21.5304
4,41.4,36,1,34.7225,139,44,15.1223
4,41.6,36,1,38.3353,139,44,9.0558
4,41.8,36,1,42.3262,139,44,2.4537
4,42,36,1,46.2271,139,43,55.9789
4,42.2,36,1,50.1192,139,43,49.4766
4,42.4,36,1,53.8602,139,43,43.1856
4,42.6,36,1,57.7021,139,43,36.8488
4,42.8,36,2,1.524,139,43,30.4642
4,43,36,2,6.0234,139,43,24.993
4,43.2,36,2,12.1787,139,43,21.7163
4,43.4,36,2,18.3219,139,43,19.3965
4,43.6,36,2,24.276,139,43,16.9573
4,43.8,36,2,30.5499,139,43,14.5873
4,44,36,2,36.7845,139,43,12.0666
4,44.2,36,2,42.9197,139,43,9.6008
4,44.4,36,2,49.0819,139,43,7.0695
4,44.6,36,2,55.4012,139,43,4.5941
4,44.8,36,3,1.2793,139,43,2.3226
4,45,36,3,7.9938,139,42,59.711
4,45.2,36,3,14.1734,139,42,57.2768
4,45.4,36,3,20.4158,139,42,54.7872
4,45.6,36,3,26.4618,139,42,52.6251
4,45.8,36,3,32.8187,139,42,53.9095
4,46,36,3,39.366,139,42,55.35
4,46.8,36,4,4.8376,139,43,1.6603
4,47,36,4,10.9517,139,43,5.0013
4,47.8,36,4,31.2688,139,43,24.0113
4,48,36,4,37.7198,139,43,26.6135
4,48.2,36,4,44.0404,139,43,27.1582
4,48.4,36,4,50.3904,139,43,25.9274
4,48.6,36,4,56.7306,139,43,24.4193
4,48.8,36,5,3.3522,139,43,22.8545
4,49,36,5,9.5307,139,43,20.7164
4,49.2,36,5,15.5024,139,43,17.8098
4,49.4,36,5,21.725,139,43,15.7396
4,49.6,36,5,28.3789,139,43,15.3211
4,49.8,36,5,34.5724,139,43,14.9717
4,50,36,5,41.2266,139,43,15.3924
4,50.2,36,5,47.5438,139,43,17.4239
4,50.4,36,5,53.6137,139,43,19.48
4,50.6,36,5,59.6813,139,43,22.0682
4,50.8,36,6,6.0545,139,43,22.7071
4,51,36,6,12.7068,139,43,23.48
4,51.2,36,6,19.2499,139,43,23.815
4,51.4,36,6,25.5884,139,43,24.488
4,51.6,36,6,32.0696,139,43,25.2193
4,51.8,36,6,38.3408,139,43,26.4616
4,52,36,6,45.0991,139,43,25.9003
4,52.2,36,6,51.3374,139,43,24.2284
4,52.4,36,6,56.5431,139,43,19.6715
4,52.6,36,7,1.0436,139,43,14.0885
4,52.8,36,7,6.048,139,43,9.3319
4,53,36,7,11.8817,139,43,5.6459
4,53.2,36,7,16.5552,139,43,0.3225
4,53.4,36,7,21.2673,139,42,54.9594
4,53.6,36,7,26.1953,139,42,49.7529
4,53.8,36,7,31.0287,139,42,44.7263
4,54,36,7,36.8466,139,42,40.2245
4,54.2,36,7,42.5234,139,42,36.0579
4,54.4,36,7,48.2112,139,42,32.7679
4,54.6,36,7,53.9356,139,42,29.0612
4,54.8,36,8,0.682,139,42,27.5706
4,55,36,8,6.0439,139,42,23.0054
4,55.2,36,8,12.5573,139,42,20.9921
4,55.4,36,8,18.753,139,42,18.6733
4,55.6,36,8,24.6075,139,42,16.0344
4,55.8,36,8,30.1332,139,42,12.9125
4,56,36,8,46.826,139,42,35.0813
4,57,36,9,12.994,139,42,56.9123
4,58,36,9,43.0781,139,43,11.719
4,59,36,10,15.0457,139,43,10.3216
4,61,36,11,19.6937,139,43,4.7396
4,62,36,11,51.8754,139,43,8.0457
4,63,36,12,22.4645,139,42,58.5278
4,64,36,12,50.0717,139,42,41.7081
4,65,36,13,21.963,139,42,48.0281
4,66,36,13,50.4023,139,43,5.7572
4,67,36,14,10.1289,139,43,36.8972
4,68,36,14,32.5566,139,44,5.3805
4,69,36,14,56.8407,139,44,32.9937
4,70,36,15,17.7681,139,45,3.8254
4,71,36,15,36.8573,139,45,35.5561
4,72,36,16,2.9253,139,45,58.8915
4,73,36,16,29.8124,139,46,21.2601
4,74,36,16,58.0562,139,46,40.1483
4,75,36,17,21.5299,139,47,7.2429
4,76,36,17,52.3994,139,47,13.9773
4,77,36,18,19.0427,139,47,36.5083
4,78,36,18,46.4257,139,48,1.5675
4,79,36,19,19.6915,139,48,12.8474
4,80,36,19,48.99,139,48,25.1728
4,81,36,20,11.8003,139,48,55.4615
4,82,36,20,37.0347,139,49,18.9027
4,83,36,21,6.045,139,49,37.6589
4,84,36,21,35.5156,139,49,52.5765
4,85,36,22,5.2599,139,50,8.7193
4,86,36,22,37.3248,139,50,27.6691
4,87,36,23,5.0178,139,50,43.9829
4,88,36,23,35.117,139,51,5.0038
4,89,36,24,2.89,139,51,22.793
4,90,36,24,34.8708,139,51,34.4863
4,91,36,25,6.1831,139,51,42.6116
4,92,36,25,38.1996,139,51,48.0894
4,93,36,26,10.8227,139,51,49.1573
4,94,36,26,42.8905,139,51,52.9485
4,95,36,27,14.289,139,52,1.5127
4,96,36,27,45.9917,139,52,9.428
4,97,36,28,17.9953,139,52,14.3413
4,98,36,28,50.4922,139,52,18.1553
4,99,36,29,22.6189,139,52,19.9716
4,100,36,29,52.2952,139,52,24.0844
4,101,36,30,23.5835,139,52,31.612
4,102,36,30,56.3592,139,52,38.1261
4,114.4,36,35,57.8026,139,57,8.8682
4,114.6,36,36,1.5782,139,57,14.6945
4,114.8,36,36,5.7141,139,57,21.1006
4,115,36,36,9.6268,139,57,27.2954
4,115.2,36,36,13.8371,139,57,33.6726
4,115.4,36,36,17.7843,139,57,40.0503
4,115.6,36,36,21.9849,139,57,46.1141
4,115.8,36,36,26.3825,139,57,52.3315
4,116,36,36,30.9843,139,57,57.4928
4,116.2,36,36,35.4423,139,58,2.976
4,116.4,36,36,36.095,139,58,10.8444
4,116.6,36,36,36.8068,139,58,19.0108
4,116.8,36,36,39.4042,139,58,28.7684
4,117,36,36,44.9505,139,58,29.1937
4,117.2,36,36,48.0964,139,58,29.1978
4,117.4,36,36,54.474,139,58,29.8674
4,117.6,36,37,0.9143,139,58,30.7573
4,117.8,36,37,7.3615,139,58,30.0867
4,118,36,37,13.7571,139,58,28.9416
4,118.2,36,37,20.2021,139,58,27.6151
4,118.4,36,37,26.2975,139,58,25.4252
4,118.6,36,37,32.3503,139,58,22.4573
4,118.8,36,37,38.6501,139,58,19.537
4,119,36,37,44.7329,139,58,17.4543
4,119.2,36,37,50.9867,139,58,15.3544
4,119.4,36,37,57.1808,139,58,13.5536
4,119.6,36,38,3.468,139,58,11.6049
4,119.8,36,38,9.7937,139,58,9.6614
4,120,36,38,16.197,139,58,7.7645
4,120.2,36,38,22.466,139,58,5.7755
4,120.4,36,38,28.6385,139,58,3.5936
4,120.6,36,38,34.1957,139,57,59.6141
4,120.8,36,38,39.7716,139,57,55.3298
4,121,36,38,45.3428,139,57,51.1617
4,121.2,36,38,50.8339,139,57,46.9262
4,121.4,36,38,56.4142,139,57,42.7007
4,121.6,36,39,2.7221,139,57,40.3999
4,121.8,36,39,9.1924,139,57,42.2405
4,122,36,39,14.1301,139,57,47.6376
4,122.2,36,39,17.9801,139,57,54.1428
4,122.4,36,39,21.9061,139,58,0.4456
4,122.6,36,39,27.2076,139,58,4.6214
4,122.8,36,39,33.3748,139,58,5.7143
4,123,36,39,39.4412,139,58,3.4406
4,123.2,36,39,44.1666,139,57,58.2939
4,123.4,36,39,48.8744,139,57,52.681
4,123.6,36,39,53.8597,139,57,47.4808
4,123.8,36,39,59.7504,139,57,43.7797
4,124,36,40,5.7413,139,57,40.6393
4,124.2,36,40,11.6605,139,57,37.6879
4,124.4,36,40,17.9862,139,57,35.0522
4,124.6,36,40,24.6154,139,57,35.8613
4,124.8,36,40,30.5772,139,57,38.0487
4,125,36,40,47.8006,139,57,35.1776
4,125.2,36,40,54.2299,139,57,32.6426
4,125.4,36,41,0.4788,139,57,30.326
4,125.6,36,41,6.8915,139,57,29.4594
4,125.8,36,41,12.4549,139,57,31.9226
4,126,36,41,17.9219,139,57,36.3182
4,126.2,36,41,23.355,139,57,40.5193
4,126.4,36,41,28.9888,139,57,44.5711
4,126.6,36,41,36.556,139,57,46.1179
4,126.8,36,41,42.8454,139,57,44.1129
4,127,36,41,48.4214,139,57,41.9522
4,127.2,36,41,54.5054,139,57,39.638
4,127.4,36,42,0.3948,139,57,37.2544
4,127.6,36,42,6.7157,139,57,34.6528
4,127.8,36,42,12.9191,139,57,32.2656
4,128,36,42,19.3823,139,57,30.6193
4,128.2,36,42,25.8,139,57,29.1797
4,128.4,36,42,32.0879,139,57,27.7301
4,128.6,36,42,38.4828,139,57,26.2976
4,128.8,36,42,44.8857,139,57,24.9583
4,129,36,42,50.9131,139,57,24.2599
4,129.2,36,42,56.1124,139,57,23.8092
4,129.4,36,43,3.5576,139,57,25.2859
4,129.6,36,43,9.2434,139,57,28.9059
4,129.8,36,43,15.4768,139,57,30.9816
4,130,36,43,23.9958,139,57,18.9322
4,130.2,36,43,28.3706,139,57,31.8295
4,130.4,36,43,34.7137,139,57,32.208
4,130.6,36,43,41.443,139,57,33.3236
4,130.8,36,43,47.3939,139,57,34.5518
4,131,36,43,54.527,139,57,12.0399
4,131.2,36,44,0.627,139,57,36.3827
4,131.4,36,44,7.0923,139,57,37.2918
4,131.6,36,44,13.4841,139,57,38.1096
4,131.8,36,44,19.8277,139,57,37.286
4,132,36,44,28.4857,139,57,10.1679
4,132.2,36,44,32.2048,139,57,32.6464
4,132.4,36,44,38.2564,139,57,29.5162
4,132.6,36,44,43.8871,139,57,26.066
4,132.8,36,44,49.5857,139,57,22.0158
4,133,36,44,59.868,139,57,4.7604
4,133.2,36,44,58.679,139,57,10.9481
4,133.4,36,45,11.8537,139,56,58.6107
4,133.6,36,45,17.6564,139,56,54.9995
4,133.8,36,45,23.4316,139,56,51.3238
4,134,36,45,28.9066,139,56,47.9324
4,134.2,36,45,35.0619,139,56,44.1679
4,134.4,36,45,40.8787,139,56,40.5969
4,135,36,45,59.7853,139,56,35.9683
4,124.8,36,40,41.7298,139,57,37.3416
4,130,36,43,21.9318,139,57,31.5313
4,131,36,43,54.2203,139,57,35.5694
4,132,36,44,26.1076,139,57,35.2733
4,133,36,44,54.9431,139,57,17.0162
4,133.2,36,45,5.6176,139,57,2.4453
4,1,35,51,29.0373,139,49,46.3838
4,2,35,52,0.9093,139,49,41.6327
4,3,35,52,33.2036,139,49,37.1889
4,4,35,53,5.4522,139,49,32.9474
4,5,35,53,37.7594,139,49,36.156
4,29,35,55,36.4427,139,47,7.5055
4,30,35,56,6.2513,139,47,22.5018
4,31,35,56,37.3735,139,47,33.3872
4,32,35,57,9.0531,139,47,41.6881
4,33,35,57,41.2778,139,47,39.9417
4,34,35,58,13.6614,139,47,36.0373
4,35,35,58,46.0561,139,47,33.9462
4,36,35,59,18.452,139,47,35.9422
4,37,35,59,50.5761,139,47,35.1663
4,38,36,0,20.7836,139,47,20.7601
4,39,36,0,52.6572,139,47,14.9122
4,40,36,1,25.2014,139,47,11.743
4,41,36,1,56.4103,139,47,2.3106
4,42,36,2,26.7062,139,46,47.9941
4,43,36,2,55.065,139,46,28.8081
4,44,36,3,25.7089,139,46,18.0004
4,45,36,3,57.3889,139,46,26.9866
4,46,36,4,28.423,139,46,21.2345
4,47,36,4,58.276,139,46,6.2472
4,48,36,5,25.1831,139,45,44.0515
4,49,36,5,48.6315,139,45,16.2148
4,50,36,6,17.3801,139,44,57.5951
4,51,36,6,48.5043,139,44,55.0021
4,52,36,7,17.6741,139,45,12.0131
4,53,36,7,43.5117,139,45,36.2079
4,54,36,8,10.0883,139,46,0.1337
4,55,36,8,35.4433,139,46,25.0681
4,56,36,9,5.8473,139,46,38.857
4,57,36,9,37.3891,139,46,48.1927
4,58,36,10,8.4723,139,46,42.5192
4,59,36,10,40.7617,139,46,42.0796
4,60,36,11,8.3304,139,47,3.0753
4,61,36,11,37.1646,139,47,21.5625
4,62,36,12,6.0912,139,47,38.8147
4,63,36,12,37.7377,139,47,46.6865
4,64,36,13,10.1468,139,47,50.2568
4,65,36,13,42.0308,139,47,56.6621
4,66,36,14,11.103,139,48,14.2837
4,67,36,14,43.5245,139,48,22.5353
4,68,36,15,14.4591,139,48,34.237
4,69,36,15,37.5168,139,49,2.1606
4,70,36,15,59.7166,139,49,31.7897
4,71,36,16,26.1178,139,49,53.7446
4,72,36,16,55.5161,139,50,10.816
4,73,36,17,25.7824,139,50,23.973
4,74,36,17,57.024,139,50,31.5891
4,75,36,18,28.9379,139,50,40.0112
4,76,36,18,57.9788,139,50,57.3063
4,77,36,19,28.6488,139,51,7.2879
4,78,36,20,1.0381,139,51,7.5991
4,79,36,20,33.534,139,51,7.9233
4,80,36,21,4.6804,139,51,17.9441
4,81,36,21,34.0248,139,51,34.9898
4,82,36,22,5.612,139,51,43.2579
4,83,36,22,35.6223,139,51,57.9692
4,84,36,23,4.4761,139,52,16.5221
4,85,36,23,32.7864,139,52,36.304
4,86,36,23,56.4224,139,53,3.7244
4,87,36,24,20.0333,139,53,31.1392
4,88,36,24,47.6891,139,53,51.9828
4,89,36,25,17.5251,139,54,7.1759
4,90,36,25,48.8316,139,54,16.8531
4,91,36,26,20.9407,139,54,21.3944
4,92,36,26,53.2528,139,54,26.5028
4,96,36,29,2.4476,139,54,30.4244
4,96.4,36,29,15.3358,139,54,34.3308
4,96.6,36,29,20.9504,139,54,38.1059
4,96.8,36,29,26.614,139,54,41.5972
4,97,36,29,32.4582,139,54,45.0575
4,97.2,36,29,38.3933,139,54,48.5905
4,97.4,36,29,45.0018,139,54,52.4614
4,97.6,36,29,50.1576,139,54,55.1546
4,97.8,36,29,56.2176,139,54,57.76
4,98,36,30,3.422,139,54,59.893
4,98.2,36,30,9.2751,139,55,0.6928
4,98.4,36,30,15.331,139,55,1.1609
4,98.6,36,30,21.8637,139,55,1.6184
4,98.8,36,30,28.2521,139,55,2.163
4,99.2,36,30,41.2487,139,55,3.031
4,99.4,36,30,47.7181,139,55,3.5393
4,99.6,36,30,54.2054,139,55,4.1846
4,99.8,36,31,0.6758,139,55,5.2704
4,100,36,31,7.0632,139,55,7.0612
4,100.2,36,31,13.2485,139,55,9.5127
6,1,35,41,25.4841,139,46,39.8237
6,2,35,41,47.6788,139,47,8.4046
6,3,35,42,14.5496,139,47,30.321
6,4,35,42,40.7314,139,47,52.9956
6,5,35,42,46.8258,139,48,20.5406
6,6,35,43,7.7837,139,48,50.8757
6,7,35,43,32.2833,139,49,18.0114
6,8,35,43,56.7841,139,49,46.5839
6,9,35,44,17.4604,139,50,13.8687
6,10,35,44,42.6362,139,50,39.5996
6,11,35,45,9.6426,139,51,0.9816
6,12,35,45,33.8659,139,51,27.6596
6,13,35,45,52.4044,139,51,59.974
6,14,35,46,6.7452,139,52,36.0984
6,15,35,46,6.7351,139,53,14.37
6,16,35,46,21.4662,139,53,50.2991
6,17,35,46,37.2031,139,54,25.2095
6,18,35,47,7.5744,139,54,33.4268
6,19,35,47,39.9296,139,54,36.8165
6,20,35,48,9.5942,139,54,51.1865
6,21,35,48,35.277,139,55,14.3701
6,76,36,10,12.2156,140,15,1.7846
6,77,36,10,28.1108,140,15,36.1623
6,78,36,10,47.2787,140,16,6.678
6,79,36,11,6.6747,140,16,38.0109
6,80,36,11,22.1596,140,17,13.3091
6,81,36,11,37.1705,140,17,48.8454
6,82,36,12,2.583,140,18,12.9974
6,83,36,12,29.8675,140,18,34.8147
6,84,36,12,56.8699,140,18,56.5497
6,85,36,13,26.1022,140,19,13.2468
6,86,36,13,50.5329,140,19,38.7632
6,87,36,14,11.4309,140,20,8.4391
6,88,36,14,15.9798,140,20,47.9704
6,89,36,14,20.6535,140,21,27.631
6,90,36,14,36.8234,140,22,1.7621
6,91,36,15,2.6332,140,22,28.6405
6,92,36,15,25.8535,140,22,54.195
6,93,36,15,50.2983,140,23,20.4691
6,94,36,16,15.0217,140,23,46.4529
6,95,36,16,35.9344,140,24,16.9142
6,96,36,16,53.0823,140,24,50.6653
6,97,36,17,22.3001,140,25,6.781
6,98,36,17,51.1508,140,25,23.0379
6,99,36,18,8.867,140,25,56.5876
6,100,36,18,29.3831,140,26,26.6287
6,101,36,18,49.8561,140,26,56.916
6,102,36,19,15.1341,140,27,21.8937
6,103,36,19,40.7597,140,27,45.8169
6,104,36,20,1.888,140,28,16.3355
6,105,36,20,23.014,140,28,46.7622
6,106,36,20,44.0983,140,29,17.1285
6,107,36,21,9.0479,140,29,42.785
6,108,36,21,35.2917,140,30,7.1927
6,109,36,22,6.221,140,30,5.5604
6,110,36,22,38.599,140,30,1.5056
6,111,36,23,10.8458,140,30,6.1126
6,112,36,23,42.1316,140,30,15.6441
6,114,36,24,10.8825,140,30,28.0681
6,115,36,24,40.7382,140,30,40.4881
6,116,36,25,10.1056,140,30,59.5907
6,117,36,25,38.5923,140,31,17.2788
6,118,36,26,9.4208,140,31,27.7483
6,119,36,26,40.5152,140,31,36.6328
6,120,36,27,12.6543,140,31,47.0776
6,121,36,27,35.1059,140,32,14.4833
6,122,36,28,4.2226,140,32,32.5832
6,123,36,28,26.0704,140,33,1.4026
6,124,36,28,48.3258,140,33,30.516
6,125,36,29,15.2105,140,33,52.9075
6,126,36,29,44.6909,140,34,8.8654
6,127,36,30,10.6775,140,34,32.5686
6,128,36,30,30.5536,140,35,4.4858
6,129,36,30,47.2139,140,35,39.1801
6,130,36,30,46.2303,140,36,19.4742
6,131,36,30,59.1685,140,36,51.6077
6,106,36,20,6.427,140,29,11.1736
14,2,35,41,40.8618,139,47,13.3472
14,3,35,41,40.619,139,47,49.595
14,4,35,41,42.8538,139,48,29.7251
14,5,35,41,47.2542,139,49,11.7916
14,6,35,41,49.2716,139,49,50.0707
14,7,35,41,51.1537,139,50,31.1906
14,8,35,42,1.0168,139,51,8.9373
14,9,35,42,8.286,139,51,47.7527
14,10,35,42,11.268,139,52,26.8038
14,27,35,39,45.9509,140,2,37.1659
14,28,35,39,25.7585,140,3,8.3252
14,29,35,39,4.5505,140,3,36.9028
14,30,35,38,42.1604,140,4,6.7611
14,31,35,38,20.9324,140,4,36.5435
14,32,35,37,57.0709,140,5,3.7609
14,33,35,37,31.814,140,5,29.6411
14,34,35,37,6.9353,140,5,54.0778
14,35,35,36,41.4123,140,6,19.7043
15,1,35,40,32.9322,139,46,10.6006
15,2,35,40,8.1237,139,45,45.7897
15,3,35,39,41.927,139,45,23.2972
15,4,35,39,10.7126,139,45,15.5863
15,5,35,38,48.9818,139,44,51.5989
15,6,35,38,24.7229,139,44,27.6694
15,7,35,37,53.8116,139,44,15.9278
15,8,35,37,21.1146,139,44,18.5244
15,9,35,36,50.3716,139,44,29.2185
15,10,35,36,19.2009,139,44,32.4325
15,11,35,35,50.0909,139,44,15.5832
15,12,35,35,18.3543,139,44,9.883
15,13,35,34,46.4728,139,44,9.4779
15,14,35,34,16.2151,139,43,56.0558
15,15,35,33,48.4041,139,43,35.1809
15,16,35,33,21.2265,139,43,14.6774
15,17,35,32,53.1161,139,42,53.303
15,18,35,32,26.2068,139,42,33.8471
15,18,35,32,23.6231,138,22,32.7488
15,18.2,35,32,19.1567,138,22,31.9675
15,18.4,35,32,12.6313,138,22,30.8064
15,18.6,35,32,5.7493,138,22,29.5424
15,18.8,35,32,0.2517,138,22,27.037
15,19,35,31,54.5059,139,42,22.8308
15,19.2,35,31,48.6297,138,22,18.5283
15,19.4,35,31,43.7341,138,22,14.8451
15,19.6,35,31,37.6037,138,22,10.5664
15,19.8,35,31,33.1033,138,22,4.3108
15,20,35,31,29.5438,139,41,57.7494
15,20.2,35,31,26.2461,138,21,51.7632
15,20.4,35,31,22.5167,138,21,44.5629
15,20.6,35,31,19.2622,138,21,38.7343
15,20.8,35,31,15.1215,138,21,31.0116
15,21,35,31,11.8768,139,41,25.3799
15,21.2,35,31,6.5292,138,21,21.2387
15,21.4,35,31,0.4177,138,21,16.8191
15,21.6,35,30,55.538,138,21,13.7879
15,21.8,35,30,49.1541,138,21,9.5126
15,22,35,30,43.1663,139,41,5.2559
15,22.2,35,30,37.7002,138,20,59.9112
15,22.4,35,30,33.0024,138,20,56.56
15,22.5,35,30,30.2448,138,20,53.0503
15,22.8,35,30,22.5956,138,20,47.416
15,23,35,30,17.3094,139,40,42.9145
15,23.2,35,30,11.127,138,20,37.5768
15,23.4,35,30,5.9506,138,20,33.0791
15,23.6,35,30,0.8374,138,20,28.6467
15,23.8,35,29,56.5796,138,20,24.6813
15,24,35,29,51.5789,139,40,18.7344
15,24.2,35,29,46.1186,138,20,12.3632
15,24.4,35,29,41.2982,138,20,6.7316
15,24.6,35,29,37.9693,138,20,2.7106
15,24.8,35,29,32.7193,138,19,54.852
15,25,35,29,30.256,139,39,50.5648
15,25.2,35,29,25.0487,138,19,43.004
15,25.4,35,29,21.4621,138,19,37.015
15,25.6,35,29,16.9908,138,19,30.3942
15,25.8,35,29,12.6212,138,19,25.1057
15,26,35,29,9.8225,139,39,18.2365
15,26.2,35,29,7.1407,138,19,9.6668
15,26.4,35,29,6.3199,138,19,3.2159
15,26.6,35,29,5.3417,138,18,56.9415
15,26.8,35,29,4.7583,138,18,48.9532
15,26.9,35,29,3.0326,138,18,43.3774
15,27,35,29,0.6103,139,38,40.9973
15,27,35,29,0.1894,138,18,39.4331
15,27.2,35,28,57.0822,138,18,35.8342
15,27.3,35,28,54.7961,138,18,30.3186
15,27.5,35,28,49.6085,138,18,24.6161
15,27.7,35,28,46.11,138,18,19.6421
15,27.9,35,28,41.7681,138,18,15.3979
15,28,35,28,37.9358,139,38,13.6874
15,28.1,35,28,36.7852,138,18,10.333
15,28.2,35,28,32.3361,138,18,6.4144
15,28.5,35,28,25.3776,138,18,0.0979
15,28.7,35,28,19.3262,138,17,56.9879
15,28.9,35,28,13.6226,138,17,51.3244
15,29,35,28,11.8907,139,37,49.3918
15,29.1,35,28,11.553,138,17,46.7317
15,29.2,35,28,11.6744,138,17,41.2411
16,2,35,27,25.4758,139,36,17.7432
16,3,35,27,41.3745,139,35,44.713
16,4,35,27,55.5004,139,35,10.0884
16,5,35,28,12.8258,139,34,38.1812
16,6,35,28,38.1709,139,34,15.0126
16,7,35,28,44.7157,139,33,35.3371
16,8,35,28,42.4887,139,32,57.6205
16,9,35,28,40.8727,139,32,22.4987
16,10,35,28,57.6809,139,31,48.7488
16,11,35,29,11.8696,139,31,13.7241
16,12,35,29,32.0963,139,30,43.4431
16,13,35,29,46.2959,139,30,6.7357
16,14,35,29,57.1135,139,29,32.5387
16,15,35,30,17.0236,139,29,1.9936
16,17,35,30,47.3267,139,28,7.2653
16,18,35,30,51.4783,139,27,26.7723
16,19,35,31,18.1941,139,27,4.1398
16,20,35,31,43.8789,139,26,40.76
16,21,35,32,7.6321,139,26,12.2326
16,22,35,32,32.4508,139,25,48.5671
16,23,35,32,55.8878,139,25,20.7656
16,24,35,33,15.5435,139,24,49.2448
16,24.3,35,23,27.3649,138,16,54.0934
16,24.5,35,23,33.6674,138,16,52.2801
16,24.8,35,23,43.0116,138,16,50.9477
16,25,35,33,31.4635,139,24,15.3698
16,25.1,35,23,53.3752,138,16,52.0437
16,25.3,35,23,57.0753,138,16,55.2233
16,25.5,35,24,4.0865,138,16,59.1952
16,25.7,35,24,9.2623,138,17,5.8009
16,25.8,35,24,12.6355,138,17,7.3588
16,26,35,33,47.5613,139,23,40.8726
16,26.3,35,24,24.8796,138,17,14.5549
16,26.5,35,24,30.3648,138,17,17.9256
16,26.7,35,24,36.7642,138,17,19.526
16,26.9,35,24,42.2509,138,17,22.5112
16,27,35,34,3.8919,139,23,5.8741
16,27.2,35,24,49.428,138,17,30.4345
16,27.3,35,24,52.2931,138,17,36.9683
16,27.4,35,24,56.5079,138,17,36.4417
16,27.6,35,25,0.9746,138,17,36.4728
16,27.7,35,25,5.1247,138,17,33.9909
16,27.8,35,25,7.7538,138,17,33.0445
16,28,35,34,19.6999,139,22,31.9123
16,28.2,35,25,21.263,138,17,27.9427
16,28.4,35,25,25.1622,138,17,26.2979
16,28.5,35,25,29.1214,138,17,24.6332
16,28.8,35,25,37.8624,138,17,21.6898
16,28.9,35,25,42.3047,138,17,18.0216
16,29,35,34,36.0074,139,21,57.1583
16,29.2,35,25,51.1776,138,17,14.3306
16,29.4,35,25,55.5917,138,17,12.3095
16,29.5,35,25,59.0227,138,17,10.792
16,29.7,35,26,5.7462,138,17,7.5983
16,29.9,35,26,9.6227,138,17,13.3603
16,30,35,34,54.1741,139,21,23.6648
16,30.1,35,26,11.4015,138,17,20.9937
16,30.3,35,26,15.9941,138,17,24.8616
16,30.6,35,26,20.1635,138,17,35.0965
16,30.8,35,26,23.7727,138,17,39.9623
16,31,35,35,6.6995,139,20,48.6111
16,31.2,35,26,31.4518,138,17,51.7405
16,31.4,35,26,36.7335,138,17,58.4621
16,31.6,35,26,41.351,138,18,6.1708
16,31.7,35,26,44.2719,138,18,9.19
16,31.9,35,26,48.4437,138,18,3.8749
16,32,35,35,32.7936,139,20,25.8791
16,32.2,35,26,55.7688,138,17,55.4813
16,32.3,35,26,59.6013,138,17,53.1193
16,32.5,35,27,3.7082,138,17,49.8818
16,32.7,35,27,10.3256,138,17,44.5643
16,32.9,35,27,16.3729,138,17,39.6965
16,33,35,36,4.1309,139,20,19.832
16,33.1,35,27,22.8984,138,17,34.429
16,33.4,35,27,29.0969,138,17,29.455
16,33.5,35,27,33.6364,138,17,25.7548
16,34,35,36,31.0632,139,20,41.6462
16,35,35,37,1.3388,139,20,27.6244
16,36,35,37,29.9949,139,20,18.4585
16,37,35,38,1.2698,139,20,18.9853
16,38,35,38,33.5506,139,20,20.1184
16,39,35,39,1.8827,139,20,2.1156
16,40,35,39,33.5559,139,20,0.3504
16,41,35,39,52.7611,139,19,46.8696
16,42,35,40,23.99,139,19,56.4398
16,43,35,40,44.5236,139,20,16.6764
16,44,35,41,4.6502,139,20,45.4827
16,45,35,41,33.0893,139,20,53.4294
16,46,35,42,0.4387,139,20,50.2257
16,47,35,42,26.0999,139,20,48.6705
16,48,35,42,47.9636,139,20,19.9255
16,49,35,43,17.3639,139,20,27.0019
16,50,35,43,46.6827,139,20,33.7134
16,51,35,44,16.6972,139,20,20.4158
16,52,35,44,48.6897,139,20,14.0853
16,53,35,45,18.3543,139,20,29.2244
16,54,35,45,50.4198,139,20,30.4496
16,55,35,46,19.5998,139,20,12.9424
16,56,35,46,49.0876,139,20,22.8142
16,57,35,47,4.7958,139,20,57.4618
16,58,35,47,35.4015,139,21,49.4481
16,58.2,35,47,40.8918,139,21,53.4257
16,58.4,35,47,46.3337,139,21,57.4071
16,58.6,35,47,52.0222,139,22,1.5369
16,58.8,35,47,56.9742,139,22,6.5228
16,59,35,48,0.5549,139,22,13.8804
16,59.2,35,48,3.8127,139,22,20.6947
16,59.4,35,48,7.655,139,22,27.0459
16,59.6,35,48,11.802,139,22,33.0823
16,59.8,35,48,16.0358,139,22,39.0629
16,60,35,48,21.4747,139,22,43.2816
16,60.2,35,48,28.0128,139,22,43.6458
16,60.4,35,48,34.2493,139,22,41.9216
16,60.6,35,48,40.4093,139,22,40.1639
16,60.8,35,48,46.8634,139,22,38.2309
16,63.8,35,50,18.073,139,22,55.5853
16,64,35,50,23.9156,139,22,59.5464
16,64.2,35,50,28.6228,139,23,5.263
16,64.8,35,50,42.8894,139,23,20.352
16,65,35,50,48.0654,139,23,25.6098
16,65.2,35,50,52.832,139,23,31.3737
16,65.4,35,50,56.4246,139,23,37.7947
16,65.6,35,51,0.2494,139,23,44.6251
16,65.8,35,51,4.6265,139,23,50.3184
16,66.2,35,51,15.0326,139,24,0.2473
16,66.4,35,51,20.0602,139,24,5.037
16,66.6,35,51,25.3397,139,24,9.9589
16,66.8,35,51,30.19,139,24,14.4532
16,67,35,51,35.8082,139,24,18.684
16,67.2,35,51,41.5492,139,24,22.3253
16,67.4,35,51,47.2714,139,24,25.947
16,67.6,35,51,52.9202,139,24,29.7079
16,67.8,35,51,58.2687,139,24,34.0535
16,68,35,52,1.9976,139,24,40.2559
16,68.2,35,52,4.2845,139,24,47.5688
16,68.4,35,52,6.6923,139,24,54.9932
16,68.6,35,52,9.078,139,25,2.3503
16,68.8,35,52,11.4788,139,25,9.6133
16,69,35,52,14.1844,139,25,17.8783
16,69.2,35,52,16.5229,139,25,25.2509
16,69.4,35,52,19.5646,139,25,32.1779
16,69.6,35,52,24.3208,139,25,37.2357
16,69.8,35,52,29.3321,139,25,42.4336
16,70,35,52,34.3522,139,25,47.4429
16,70.2,35,52,39.3067,139,25,52.7547
16,70.4,35,52,44.2581,139,25,57.8371
16,70.6,35,52,48.9218,139,26,3.0585
16,70.8,35,52,53.308,139,26,8.9231
16,71,35,52,57.5694,139,26,15.0462
16,71.2,35,53,1.7493,139,26,21.1137
16,71.4,35,53,6.1582,139,26,27.4465
16,71.6,35,53,10.4228,139,26,33.6024
16,71.8,35,53,14.5255,139,26,39.5207
16,72,35,53,18.588,139,26,45.3515
16,72.2,35,53,22.9221,139,26,51.6436
16,72.4,35,53,26.8715,139,26,57.438
16,72.6,35,53,30.4507,139,27,4.0131
16,72.8,35,53,34.1672,139,27,11.0713
16,73,35,53,37.7736,139,27,17.654
16,73.2,35,53,41.3042,139,27,24.3667
16,73.4,35,53,44.8188,139,27,31.0309
16,73.6,35,53,48.3173,139,27,37.6355
16,73.8,35,53,52.026,139,27,44.0264
16,74,35,53,56.1188,139,27,50.2801
16,74.2,35,54,0.3592,139,27,56.4452
16,74.4,35,54,4.4154,139,28,2.2193
16,74.6,35,54,8.7036,139,28,7.9851
16,74.8,35,54,13.5026,139,28,14.2953
16,75,35,54,17.9033,139,28,19.6183
16,75.2,35,54,19.4548,139,28,25.9241
16,75.4,35,54,14.7396,139,28,31.2914
16,76,35,54,5.44,139,28,51.3491
16,76.4,35,54,1.7819,139,29,6.5861
16,76.6,35,54,3.8748,139,29,12.606
16,76.8,35,54,8.723,139,29,17.8018
16,77,35,54,13.4566,139,29,23.2643
16,77.2,35,54,18.1025,139,29,28.6814
16,77.4,35,54,22.8477,139,29,34.1622
16,77.6,35,54,27.5294,139,29,39.5966
16,77.8,35,54,32.2353,139,29,45.0601
16,78,35,54,36.992,139,29,50.1663
16,78.6,35,54,54.5991,139,29,59.7629
16,78.8,35,55,0.4081,139,30,3.2662
16,79,35,55,6.2939,139,30,7.149
16,79.2,35,55,10.3386,139,30,12.6746
16,79.4,35,55,10.7355,139,30,20.5932
16,79.6,35,55,9.9942,139,30,28.694
16,79.8,35,55,9.1569,139,30,36.4713
16,80,35,55,8.3099,139,30,44.7285
16,80.2,35,55,7.3348,139,30,52.0533
16,80.4,35,55,5.1046,139,30,59.523
16,80.6,35,55,2.5643,139,31,7.0414
16,80.8,35,54,59.9801,139,31,14.0934
16,81,35,54,57.219,139,31,21.8894
16,81.2,35,54,55.3731,139,31,28.8943
16,81.4,35,54,54.4924,139,31,36.7505
16,81.6,35,54,53.169,139,31,44.5284
16,81.8,35,54,50.7998,139,31,51.8779
16,82,35,54,48.1478,139,31,59.756
16,82.2,35,54,46.0486,139,32,7.2341
16,82.4,35,54,45.4267,139,32,15.0731
16,82.6,35,54,47.2804,139,32,22.6292
16,82.8,35,54,49.6403,139,32,29.9818
16,83,35,54,51.9944,139,32,37.2939
16,83.2,35,54,54.3441,139,32,44.6524
16,83.4,35,54,56.6911,139,32,51.9745
16,83.6,35,54,59.0606,139,32,59.3667
16,83.8,35,55,1.4237,139,33,6.742
16,84,35,55,3.9153,139,33,14.4808
16,84.2,35,55,6.6219,139,33,21.1911
16,84.4,35,55,9.4607,139,33,29.3331
16,84.6,35,55,13.1723,139,33,35.8765
16,84.8,35,55,17.2597,139,33,41.9521
16,85,35,55,21.736,139,33,47.9927
16,85.2,35,55,24.6717,139,33,55.4696
16,85.4,35,55,26.587,139,34,2.9317
16,85.6,35,55,27.0715,139,34,10.7822
16,85.8,35,55,27.3181,139,34,18.3744
16,86,35,55,27.5145,139,34,26.9915
16,86.2,35,55,27.699,139,34,35.1828
16,86.4,35,55,28.0738,139,34,43.4279
16,86.6,35,55,28.4776,139,34,51.2301
16,86.8,35,55,28.9908,139,34,58.9891
16,87,35,55,30.0845,139,35,6.713
16,87.2,35,55,31.8052,139,35,14.3817
16,87.4,35,55,34.5544,139,35,21.9424
16,87.6,35,55,38.8057,139,35,27.9294
16,87.8,35,55,43.9325,139,35,32.3114
16,88,35,55,48.9569,139,35,37.2945
16,88.2,35,55,54.1672,139,35,41.9915
16,88.4,35,55,59.7396,139,35,46.735
16,88.6,35,56,4.8021,139,35,51.0577
16,88.8,35,56,9.9834,139,35,55.4894
16,89,35,56,15.7201,139,36,0.34
16,89.2,35,56,20.9712,139,36,4.8506
16,89.4,35,56,26.2818,139,36,9.375
16,89.6,35,56,31.5735,139,36,13.9022
16,89.8,35,56,37.1511,139,36,18.6719
16,90.8,35,57,6.3581,139,36,28.8296
16,91,35,57,13.8498,139,36,30.5843
16,91.2,35,57,16.9656,139,36,37.5298
16,91.4,35,57,19.1824,139,36,44.9379
16,91.6,35,57,21.386,139,36,52.3708
16,91.8,35,57,23.8614,139,36,59.6493
16,92,35,57,26.1768,139,37,6.462
16,92.2,35,57,27.9158,139,37,14.227
16,92.4,35,57,29.4763,139,37,21.726
16,92.6,35,57,32.3808,139,37,28.7958
16,92.8,35,57,36.2067,139,37,34.8402
16,93,35,57,40.6446,139,37,41.0757
16,93.2,35,57,44.0075,139,37,48.208
16,93.4,35,57,46.2489,139,37,55.3825
16,93.6,35,57,47.9478,139,38,3.3284
16,93.8,35,57,49.5387,139,38,10.8572
16,94,35,57,51.0142,139,38,18.9178
16,94.2,35,57,51.4442,139,38,26.6359
16,94.4,35,57,50.2279,139,38,34.7793
16,94.6,35,57,48.2538,139,38,42.7375
16,94.8,35,57,44.7153,139,38,49.5945
16,95,35,57,41.4705,139,38,56.6027
16,95.2,35,57,38.2767,139,39,3.5133
16,95.4,35,57,35.0958,139,39,10.3933
16,95.6,35,57,31.8678,139,39,17.3757
16,95.8,35,57,28.6766,139,39,24.2602
16,96,35,57,25.2148,139,39,30.971
16,96.2,35,57,21.4497,139,39,37.3863
16,96.4,35,57,17.4927,139,39,43.6788
16,96.6,35,57,13.4803,139,39,50.0778
16,96.8,35,57,9.7352,139,39,56.0714
16,97,35,57,5.5793,139,40,2.6604
16,97.2,35,57,1.552,139,40,9.0438
16,97.4,35,56,57.2121,139,40,15.1262
16,97.6,35,56,52.3813,139,40,20.3246
16,97.8,35,56,47.1546,139,40,24.9481
16,98,35,56,41.7372,139,40,29.4937
16,98.2,35,56,36.5598,139,40,34.2344
16,98.4,35,56,31.7585,139,40,40.0274
16,98.6,35,56,28.5766,139,40,46.0205
16,98.8,35,56,24.9189,139,40,53.5801
16,99,35,56,22.8348,139,41,0.51
16,99.2,35,56,24.3588,139,41,8.1623
16,99.4,35,56,26.0423,139,41,16.7867
16,99.6,35,56,27.2988,139,41,23.6963
16,99.8,35,56,28.7838,139,41,31.344
16,100,35,56,30.3808,139,41,39.26
16,100.2,35,56,31.7264,139,41,46.9841
16,100.4,35,56,32.6,139,41,55.0235
16,100.6,35,56,33.4533,139,42,3.0128
16,100.8,35,56,34.3117,139,42,10.9477
16,101,35,56,35.1919,139,42,18.3441
16,101.2,35,56,37.6846,139,42,25.6882
16,101.4,35,56,40.7452,139,42,32.8909
16,101.6,35,56,43.7934,139,42,39.8449
16,101.8,35,56,46.7101,139,42,46.8882
16,102,35,56,50.758,139,42,53.1835
16,102.2,35,56,55.5035,139,42,58.5539
16,102.4,35,57,0.4354,139,43,4.0702
16,102.6,35,57,5.1967,139,43,9.4184
16,102.8,35,57,8.9734,139,43,15.8002
16,103,35,57,12.4591,139,43,22.4804
16,103.2,35,57,16.0162,139,43,29.3328
16,103.4,35,57,19.7804,139,43,35.5668
16,103.6,35,57,24.7241,139,43,40.3159
16,103.8,35,57,30.5386,139,43,44.0081
16,104,35,57,36.4564,139,43,47.701
16,104.2,35,57,42.18,139,43,51.3268
16,104.4,35,57,48.0508,139,43,55.0354
16,104.6,35,57,53.7359,139,43,58.5859
16,104.8,35,57,59.5218,139,44,2.2287
16,105,35,58,5.2989,139,44,5.8306
16,105.2,35,58,11.041,139,44,9.4616
16,105.4,35,58,17.1067,139,44,11.7291
16,105.6,35,58,23.4288,139,44,10.6837
16,105.8,35,58,29.7185,139,44,9.0589
16,106,35,58,36.302,139,44,9.2061
16,106.2,35,58,42.3612,139,44,11.8539
16,106.4,35,58,48.2672,139,44,14.7603
16,106.6,35,58,54.235,139,44,17.7217
16,106.8,35,59,0.1588,139,44,20.6427
16,107,35,59,6.3345,139,44,23.7081
16,107.2,35,59,11.5679,139,44,28.4781
16,107.4,35,59,15.0099,139,44,35.8707
16,107.6,35,59,17.2008,139,44,43.16
16,107.8,35,59,20.6042,139,44,49.626
16,108,35,59,24.3645,139,44,56.5886
16,108.2,35,59,28.0587,139,45,3.11
16,108.4,35,59,30.6535,139,45,10.8666
16,108.6,35,59,32.0012,139,45,18.5589
16,108.8,35,59,33.3732,139,45,26.3633
16,109,35,59,34.5965,139,45,34.0271
16,109.2,35,59,35.7391,139,45,41.8035
16,109.4,35,59,36.0975,139,45,49.7274
16,109.6,35,59,35.6096,139,45,57.5735
16,109.8,35,59,34.3965,139,46,5.2587
16,110,35,59,32.9931,139,46,13.601
16,110.2,35,59,31.7144,139,46,21.2203
16,110.4,35,59,30.386,139,46,29.089
16,110.6,35,59,28.9943,139,46,37.1824
16,110.8,35,59,27.6699,139,46,45.0079
16,111,35,59,26.3684,139,46,52.7419
16,111.2,35,59,25.0524,139,47,0.3188
16,111.4,35,59,23.6951,139,47,8.3972
16,111.6,35,59,22.6043,139,47,16.1908
16,111.8,35,59,22.6166,139,47,24.0922
16,112,35,59,22.9074,139,47,32.0381
16,112.2,35,59,23.1354,139,47,40.0671
16,112.4,35,59,23.4983,139,47,47.9278
16,112.6,35,59,23.5705,139,47,55.5743
16,112.8,35,59,22.8201,139,48,3.5987
16,113,35,59,21.0813,139,48,11.8641
16,113.2,35,59,19.0892,139,48,19.4545
16,113.4,35,59,17.269,139,48,27.1276
16,113.6,35,59,16.5455,139,48,34.7018
16,113.8,35,59,17.4854,139,48,42.7313
16,114,35,59,19.8359,139,48,49.5747
16,114.2,35,59,23.426,139,48,56.5668
16,115,35,59,46.1564,139,50,32.7023
16,116,35,59,28.0713,139,51,4.0294
16,117,35,59,2.9307,139,51,29.8382
16,118,35,58,34.8618,139,51,49.2094
16,119,35,58,4.3421,139,52,2.7983
16,120,35,57,35.6686,139,52,20.6652
16,142,35,48,50.192,140,1,49.7648
16,143,35,48,29.6864,140,2,20.2736
16,144,35,48,11.8174,140,2,53.5159
16,145,35,47,54.0411,140,3,26.5519
16,146,35,47,33.5664,140,3,57.5923
16,147,35,47,11.8857,140,4,27.4046
16,148,35,46,49.99,140,4,56.638
16,149,35,46,28.0497,140,5,26.3958
16,150,35,46,5.8068,140,5,54.9597
16,151,35,45,40.7305,140,6,19.9565
16,152,35,45,15.3312,140,6,44.9981
16,153,35,44,50.6908,140,7,9.4182
16,154,35,44,20.0104,140,7,17.2479
16,155,35,43,49.4195,140,7,8.1962
16,156,35,43,16.6251,140,6,59.7084
16,157,35,42,46.3514,140,7,6.2161
16,158,35,42,14.7697,140,7,11.4397
16,159,35,41,45.3183,140,7,22.1791
16,160,35,41,21.3732,140,7,48.2152
16,161,35,40,51.0412,140,7,35.4811
16,162,35,40,19.4449,140,7,20.4118
16,163,35,39,50.4183,140,7,6.3627
16,164,35,39,17.3779,140,7,9.7749
16,165,35,38,46.4169,140,7,2.5328
16,166,35,38,19.4316,140,7,5.5713
16,167,35,37,56.8748,140,7,33.8684
16,167.2,35,37,52.5579,140,7,39.8485
16,167.4,35,37,48.699,140,7,46.1786
16,167.6,35,37,44.9766,140,7,53.2407
16,167.8,35,37,42.0492,140,7,59.8389
16,168,35,37,39.1517,140,8,6.9113
16,168.2,35,37,36.2676,140,8,14.0461
16,168.4,35,37,33.4107,140,8,21.1515
16,168.6,35,37,30.9529,140,8,27.9202
16,168.8,35,37,27.4727,140,8,35.1716
16,169,35,37,22.7626,140,8,39.7106
16,169.2,35,37,17.6772,140,8,45.3788
16,169.4,35,37,12.6752,140,8,50.4261
16,169.6,35,37,7.4547,140,8,55.3027
16,169.8,35,37,2.2237,140,9,0.0624
16,170,35,36,56.9143,140,9,4.87
16,170.2,35,36,52.0037,140,9,8.9676
16,170.4,35,36,46.2585,140,9,11.7848
16,170.6,35,36,39.8242,140,9,12.3408
16,170.8,35,36,33.4709,140,9,10.794
16,171,35,36,27.1897,140,9,8.8559
16,171.2,35,36,20.9074,140,9,7.0325
16,171.4,35,36,14.5985,140,9,5.1619
16,171.6,35,36,8.427,140,9,2.7323
16,171.8,35,36,2.1863,140,9,0.6501
16,172,35,35,55.7247,140,8,58.123
16,172.2,35,35,49.8022,140,8,56.0396
16,172.4,35,35,43.4792,140,8,54.3365
16,172.6,35,35,37.3576,140,8,51.8375
16,172.8,35,35,31.1475,140,8,49.6881
16,173,35,35,24.1407,140,8,47.9716
16,173.2,35,35,18.396,140,8,47.844
16,173.4,35,35,12.1638,140,8,49.8519
16,173.6,35,35,6.2981,140,8,53.2205
16,173.8,35,34,59.9527,140,8,55.8744
16,174,35,34,53.5688,140,8,56.0554
16,174.2,35,34,47.355,140,8,53.7678
16,174.4,35,34,41.9527,140,8,49.4177
16,174.6,35,34,36.9384,140,8,44.3481
16,174.8,35,34,31.934,140,8,39.2814
16,175,35,34,26.8317,140,8,34.3323
16,175.2,35,34,21.9646,140,8,29.1254
16,175.4,35,34,16.8509,140,8,24.2838
16,175.6,35,34,11.4211,140,8,20.135
16,175.8,35,34,5.5557,140,8,18.4767
16,176,35,33,36.0239,140,8,21.2022
16,176.2,35,33,30.0112,140,8,22.2537
16,176.4,35,33,23.548,140,8,23.512
16,176.6,35,33,17.131,140,8,24.5788
16,176.8,35,33,10.9696,140,8,21.7099
16,177,35,33,5.541,140,8,17.3958
16,177.2,35,33,0.3148,140,8,12.7967
16,177.4,35,32,56.2895,140,8,6.6025
16,177.6,35,32,56.573,140,7,58.3446
16,177.8,35,32,57.6406,140,7,50.269
16,178,35,32,58.6574,140,7,42.4721
16,178.2,35,32,59.6283,140,7,34.9291
16,179,35,32,47.393,140,7,15.737
16,180,35,32,21.8385,140,6,51.4287
16,181,35,31,59.5728,140,6,22.842
16,182,35,31,41.058,140,5,50.553
16,183,35,31,54.9049,140,5,15.2949
16,184,35,31,53.6665,140,4,35.3397
16,185,35,31,40.3794,140,4,1.4835
16,186,35,31,12.3517,140,3,42.4496
16,187,35,30,43.1711,140,3,23.6298
16,188,35,30,14.5021,140,3,5.5328
16,189,35,29,45.4538,140,2,47.3058
16,190,35,29,16.6645,140,2,29.5741
16,191,35,28,49.8618,140,2,7.7818
16,192,35,28,22.7056,140,1,45.4733
16,193,35,27,57.3869,140,1,20.9933
16,194,35,27,38.2396,140,0,48.0309
16,206.6,35,22,36.3725,139,56,29.4123
16,206.8,35,22,30.864,139,56,24.9347
16,207,35,22,27.4547,139,56,17.984
16,207.2,35,22,24.9585,139,56,10.7561
16,207.4,35,22,22.4368,139,56,3.3935
16,207.8,35,22,20.5832,139,55,58.786
16,208,35,22,16.4865,139,55,53.0872
16,208.2,35,22,11.8354,139,55,47.4432
16,208.4,35,22,7.3969,139,55,41.8237
16,208.6,35,22,4.7784,139,55,34.8445
16,208.8,35,22,6.5417,139,55,27.15
16,209,35,22,8.2358,139,55,19.3116
16,209.2,35,22,9.9428,139,55,11.8138
16,209.4,35,22,11.4658,139,55,4.3076
16,209.6,35,22,12.6078,139,54,56.1628
16,209.8,35,22,13.7103,139,54,48.0691
16,210,35,22,14.1031,139,54,40.587
16,210.2,35,22,10.8003,139,54,37.2968
16,210.4,35,22,4.7554,139,54,40.2998
16,210.6,35,21,58.3749,139,54,41.3328
16,210.8,35,21,51.9751,139,54,40.4815
16,211,35,21,44.7672,139,54,39.019
16,211.2,35,21,39.1101,139,54,37.4522
16,211.4,35,21,33.1231,139,54,34.7639
16,211.6,35,21,27.4483,139,54,31.0798
16,211.8,35,21,22.2277,139,54,26.4744
16,212,35,21,17.5449,139,54,21.0073
16,212.2,35,21,13.5382,139,54,14.8398
16,212.4,35,21,10.2598,139,54,8.0622
16,212.6,35,21,7.4859,139,54,0.9169
16,212.8,35,21,4.7693,139,53,53.8828
16,213,35,21,1.8731,139,53,46.3852
16,213.2,35,20,59.1772,139,53,39.4022
16,213.4,35,20,56.3953,139,53,32.2002
16,213.6,35,20,53.644,139,53,25.0773
16,213.8,35,20,50.8796,139,53,17.9174
16,214,35,20,48.1139,139,53,10.6516
16,214.2,35,20,45.8727,139,53,3.5445
16,214.6,35,20,42.7761,139,52,47.9335
16,214.8,35,20,42.1021,139,52,40.3096
16,215,35,20,41.0589,139,52,33.4379
16,215.2,35,20,28.9394,139,52,2.1445
16,215.4,35,20,24.1454,139,51,57.2772
16,215.6,35,20,18.8687,139,51,52.0542
16,215.8,35,20,12.7605,139,51,49.7883
16,216,35,20,6.3835,139,51,48.2612
16,216.2,35,20,1.6231,139,51,43.0007
16,216.4,35,19,57.1665,139,51,37.3206
16,216.6,35,19,53.7371,139,51,30.6173
16,216.8,35,19,50.6664,139,51,23.7925
16,217,35,19,46.9795,139,51,17.1817
16,218,35,19,27.7423,139,50,45.4555
16,219,35,19,9.273,139,50,13.9655
16,220,35,18,54.0474,139,49,38.1859
16,1,35,15,53.0402,139,43,51.2658
16,1.2,35,27,15.2041,138,16,43.3365
16,1.4,35,27,13.8121,138,16,36.4585
16,1.5,35,27,17.6206,138,16,32.2789
16,1.7,35,27,22.2903,138,16,28.3608
16,1.8,35,27,24.1468,138,16,23.9746
16,2,35,15,44.5617,139,43,15.9254
16,2.2,35,27,28.4749,138,16,11.2109
16,2.4,35,27,30.0932,138,16,3.6384
16,2.7,35,27,36.1158,138,15,56.0989
16,2.8,35,27,39.2747,138,15,50.0349
16,3,35,15,48.3106,139,42,37.3379
16,3.2,35,27,44.7841,138,15,38.1729
16,3.4,35,27,48.4347,138,15,31.2204
16,3.6,35,27,52.3451,138,15,23.9518
16,3.8,35,27,55.1897,138,15,17.7464
16,4,35,15,50.8405,139,41,57.9435
16,4.4,35,27,59.6199,138,14,55.7385
16,4.8,35,28,7.8638,138,14,43.5722
16,5,35,15,58.3285,139,41,20.7866
16,5.2,35,28,17.7414,138,14,33.3995
16,5.4,35,28,22.8851,138,14,28.7821
16,5.6,35,28,27.2656,138,14,23.296
16,5.8,35,28,33.2611,138,14,19.1582
16,6,35,16,12.2283,139,40,47.6419
16,6.3,35,28,41.8407,138,14,4.6416
16,6.4,35,28,42.6417,138,13,59.2972
16,6.6,35,28,42.3722,138,13,50.1918
16,6.7,35,28,42.1481,138,13,45.4416
16,6.9,35,28,43.364,138,13,39.9209
16,7,35,16,40.0641,139,40,34.9974
16,7.2,35,28,46.8752,138,13,29.3243
16,7.3,35,28,46.323,138,13,21.9696
16,7.5,35,28,45.3582,138,13,13.9228
16,7.7,35,28,44.3489,138,13,7.5365
16,8,35,28,42.3132,138,12,54.3529
16,8,35,16,57.8879,139,40,5.4876
16,8.2,35,28,40.4627,138,12,49.2623
16,8.4,35,28,37.2907,138,12,43.8786
16,8.5,35,28,35.2528,138,12,39.9647
16,8.6,35,28,35.3426,138,12,34.3459
16,8.8,35,28,37.6855,138,12,28.5573
16,8.9,35,28,40.3546,138,12,24.2701
16,9,35,28,42.6658,138,12,19.7662
16,9,35,16,58.7658,139,39,28.1843
16,9.2,35,28,44.7625,138,12,15.0425
16,9.3,35,28,47.2842,138,12,10.2016
16,9.5,35,28,50.1095,138,12,4.9083
16,9.7,35,28,54.4132,138,11,57.3734
16,10,35,17,12.1074,139,38,55.3862
16,10.1,35,28,59.0624,138,11,44.4037
16,10.3,35,29,0.7002,138,11,37.7045
16,10.4,35,29,2.2577,138,11,30.2345
16,10.6,35,29,4.9133,138,11,23.7373
16,10.8,35,29,9.1195,138,11,18.127
16,11,35,17,26.0325,139,38,20.8347
16,11.1,35,29,15.6214,138,11,9.011
16,11.3,35,29,18.7582,138,11,4.6425
16,11.4,35,29,22.0045,138,11,0.0602
16,11.6,35,29,25.1234,138,10,55.2508
16,11.7,35,29,28.194,138,10,50.3462
16,12,35,17,44.5655,139,37,51.5111
16,12.3,35,29,37.0761,138,10,33.7135
16,12.4,35,29,38.774,138,10,28.9486
16,12.6,35,29,41.1079,138,10,22.3293
16,12.7,35,29,43.2104,138,10,16.4181
16,13,35,29,47.283,138,10,4.7734
16,13,35,18,7.1848,139,37,29.6774
16,13.2,35,29,48.6785,138,9,58.2098
16,13.4,35,29,49.4067,138,9,51.9913
16,13.5,35,29,50.2191,138,9,46.1195
16,13.6,35,29,50.21,138,9,40.9589
16,14,35,18,39.1431,139,37,27.5002
16,14.2,35,30,3.2407,138,9,27.9818
16,14.3,35,30,7.0937,138,9,24.2458
16,14.5,35,30,9.2662,138,9,20.4753
16,14.6,35,30,11.1986,138,9,15.0509
16,14.7,35,30,13.0529,138,9,10.6729
16,14.9,35,30,15.0686,138,9,5.4787
16,15,35,19,6.803,139,37,19.8944
16,15.2,35,30,19.2188,138,8,56.2054
16,15.4,35,30,23.389,138,8,46.9048
16,16,35,19,37.9737,139,37,11.8306
16,17,35,20,7.7138,139,37,25.839
16,18,35,20,39.2272,139,37,20.9147
16,19,35,21,7.8439,139,37,39.2601
16,20,35,21,38.7997,139,37,46.6812
16,21,35,22,7.3649,139,37,59.598
16,22,35,22,25.8122,139,37,34.3011
16,23,35,22,52.4336,139,37,20.1918
16,24,35,23,19.8915,139,36,59.5716
16,25,35,23,50.5492,139,36,50.7699
16,26,35,24,17.7441,139,37,10.8874
16,27,35,24,47.0403,139,37,27.2857
16,28,35,25,15.3244,139,37,30.3917
16,29,35,25,45.6758,139,37,15.6696
16,30,35,26,10.646,139,37,16.8794
16,31,35,26,28.7361,139,37,47.5847
16,32,35,26,51.0227,139,38,0.7183
16,33,35,27,19.949,139,37,35.6742
16,214.4,35,20,34.8125,139,52,32.9279
16,214.4,35,20,34.8125,139,52,32.9279
16,214.6,35,20,33.0382,139,52,25.3404
16,214.6,35,20,33.0382,139,52,25.3404
16,214.8,35,20,31.6436,139,52,17.6181
16,214.8,35,20,31.6436,139,52,17.6181
16,215,35,20,30.4228,139,52,9.9613
16,215,35,20,30.4228,139,52,9.9613
16,0,35,27,4.7119,139,34,3.9689
16,0.2,35,27,5.8073,138,13,56.0193
16,0.4,35,27,7.9644,138,13,48.5702
16,0.6,35,27,9.7144,138,13,40.9688
16,0.8,35,27,11.1394,138,13,33.4624
16,1,35,27,13.4679,139,33,25.9877
16,1.2,35,27,13.898,138,13,18.0096
16,1.4,35,27,16.0696,138,13,10.4392
16,1.6,35,27,18.9035,138,13,3.5799
16,1.8,35,27,22.7759,138,12,56.7121
16,2,35,27,27.8272,139,32,51.797
16,2,35,27,27.8272,139,32,51.797
16,2.2,35,27,32.1052,138,12,45.5975
16,2.4,35,27,37.0116,138,12,40.6351
16,2.6,35,27,41.9217,138,12,35.1611
16,2.8,35,27,45.8631,138,12,29.7035
16,3,35,27,51.1261,139,32,24.2891
16,3.2,35,27,53.7676,138,12,17.9206
16,3.4,35,27,58.145,138,12,10.5036
16,3.6,35,28,2.4575,138,12,4.8094
16,3.8,35,28,7.9889,138,12,0.42
16,4,35,28,14.3376,139,31,58.4286
16,4.2,35,28,19.4584,138,11,53.3696
16,4.4,35,28,24.8927,138,11,48.4956
16,4.6,35,28,29.0409,138,11,43.7195
16,4.8,35,28,32.9501,138,11,38.5176
16,5,35,28,38.0099,139,31,31.9811
16,5.2,35,28,40.4694,138,11,23.9796
16,5.4,35,28,43.0732,138,11,17.3897
16,5.6,35,28,45.9841,138,11,9.6604
16,5.8,35,28,48.6159,138,11,2.8015
16,6,35,28,52.8834,139,30,56.1151
16,6.2,35,28,55.4575,138,10,49.3536
16,6.4,35,28,59.5684,138,10,43.2372
16,6.6,35,29,3.362,138,10,38.4588
16,6.8,35,29,8.9465,138,10,32.7212
16,7,35,29,15.1772,139,30,28.8551
16,7.2,35,29,18.9126,138,10,24.0982
16,7.4,35,29,24.3148,138,10,18.6649
16,7.6,35,29,28.7802,138,10,13.4091
16,7.8,35,29,33.159,138,10,7.3673
16,8,35,29,38.1182,139,30,1.4237
16,8.2,35,29,40.4313,138,9,54.5383
16,8.4,35,29,43.2643,138,9,46.958
16,8.6,35,29,46.4406,138,9,40.8278
16,8.8,35,29,52.0299,138,9,36.1557
16,38,35,38,35.8843,139,21,11.2697
16,39,35,39,5.9583,139,21,7.5464
16,40,35,39,33.1056,139,21,19.5675
16,41,35,40,2.8248,139,21,14.1148
16,42,35,40,34.6192,139,21,16.3215
16,43,35,40,59.4899,139,20,56.2757
17,0.522,35,41,19.7,139,46,22.4
17,0.6,35,41,21.5,139,46,21.6
17,0.8,35,41,27.8,139,46,19.1
17,0.9,35,41,30.9,139,46,17.9
17,1,35,41,34.4958,139,46,15.935
17,1.1,35,41,37.1,139,46,15.3
17,1.2,35,41,40.1,139,46,14.1
17,1.3,35,41,43.2,139,46,12.9
17,1.4,35,41,46.4,139,46,14.2
17,1.5,35,41,49.3,139,46,15.4
17,1.6,35,41,52,139,46,15.1
17,1.7,35,41,53.7,139,46,11.7
17,1.8,35,41,55.4,139,46,8.3
17,1.9,35,41,58.4,139,46,8.9
17,1.927,35,41,59.4,139,46,9
17,2,35,41,59.173,139,46,7.0329
17,2.1,35,42,1.8,139,46,3.4
17,2.2,35,42,3.8,139,46,0.5
17,2.4,35,42,7.8,139,45,54.1
17,2.5,35,42,9.8,139,45,50.9
17,2.6,35,42,11.8,139,45,47.8
17,2.7,35,42,13.8,139,45,44.8
17,2.8,35,42,16.1,139,45,41.6
17,2.9,35,42,18.7,139,45,39.6
17,3,35,42,21.6318,139,45,38.4757
17,3.1,35,42,25,139,45,38.5
17,3.2,35,42,28.3,139,45,38
17,3.3,35,42,31.6,139,45,37.5
17,3.4,35,42,34.6,139,45,37
17,3.6,35,42,40.9,139,45,35.4
17,3.8,35,42,47.2,139,45,33.8
17,3.9,35,42,50.4,139,45,32.9
17,4,35,42,53.4737,139,45,31.7893
17,4.1,35,42,56.8,139,45,31.2
17,4.13,35,42,57.7,139,45,31
17,4.2,35,42,57.6,139,45,28.2
17,4.207,35,42,57.6,139,45,27.9
17,4.234,35,42,58.1,139,45,27
17,4.3,35,42,59.7,139,45,25.2
17,4.4,35,43,2.1,139,45,22.7
17,4.5,35,43,4.6,139,45,20.1
17,4.6,35,43,7.1,139,45,17.9
17,4.7,35,43,10.1,139,45,15.9
17,4.8,35,43,13,139,45,14.2
17,4.9,35,43,15.9,139,45,12.6
17,5,35,43,18.7567,139,45,10.8504
17,5.1,35,43,21.8,139,45,9.4
17,5.2,35,43,24.8,139,45,7.9
17,5.22,35,43,25.3,139,45,7.5
17,5.244,35,43,25.7,139,45,6.9
17,5.3,35,43,26.8,139,45,4.8
17,5.4,35,43,28.4,139,45,1.5
17,5.6,35,43,32.3,139,44,55.1
17,5.8,35,43,36.2,139,44,48.7
17,5.9,35,43,38.4,139,44,45.2
17,6,35,43,39.8857,139,44,41.524
17,6.2,35,43,44.8,139,44,36.2
17,6.4,35,43,49.7,139,44,31.1
17,6.5,35,43,52,139,44,28.9
17,6.6,35,43,54.4,139,44,26.4
17,6.7,35,43,56.6,139,44,23.6
17,6.8,35,43,59,139,44,20.5
17,6.9,35,44,1.4,139,44,17.8
17,7,35,44,4.2791,139,44,15.17
17,7.1,35,44,6.1,139,44,12.5
17,7.2,35,44,8.7,139,44,10.1
17,7.4,35,44,13.7,139,44,5.1
17,7.6,35,44,19.3,139,43,59.8
17,7.8,35,44,24,139,43,55.5
17,7.9,35,44,26.7,139,43,52.9
17,8,35,44,29.1876,139,43,49.7492
17,8.1,35,44,31.8,139,43,48.1
17,8.2,35,44,34.3,139,43,45.7
17,8.3,35,44,36.8,139,43,43.4
17,8.4,35,44,39.4,139,43,40.8
17,8.5,35,44,42.1,139,43,38.3
17,8.6,35,44,44.2,139,43,35.5
17,8.8,35,44,48,139,43,29.5
17,8.9,35,44,50.1,139,43,26.3
17,9,35,44,52.2,139,43,23
17,9.1,35,44,54.1,139,43,19.8
17,9.2,35,44,55.5,139,43,16.6
17,9.4,35,44,56.3,139,43,8.6
17,9.6,35,44,57,139,43,0.8
17,9.7,35,44,57.5,139,42,56.7
17,9.8,35,44,57.9,139,42,52.7
17,9.9,35,44,58.4,139,42,49.2
17,10,35,44,58.5308,139,42,44.5351
17,10.1,35,45,0.3,139,42,41.9
17,10.2,35,45,2.7,139,42,39.1
17,10.3,35,45,5.3,139,42,36.2
17,10.4,35,45,7.3,139,42,33.9
17,10.5,35,45,10.5,139,42,31.7
17,10.6,35,45,13.1,139,42,30.5
17,10.8,35,45,19.6,139,42,28.3
17,10.9,35,45,22.8,139,42,27.1
17,11,35,45,25.5289,139,42,25.2308
17,11.3,35,45,34.3,139,42,22.6
17,11.4,35,45,38.1,139,42,21.2
17,11.6,35,45,44.3,139,42,18.6
17,11.8,35,45,50.6,139,42,16
17,12,35,45,56.6354,139,42,13.1857
17,12.1,35,45,59.8,139,42,12.7
17,12.2,35,46,3.1,139,42,11.4
17,12.3,35,46,5.7,139,42,9.5
17,12.4,35,46,8.7,139,42,7.5
17,12.5,35,46,11.3,139,42,5.4
17,12.6,35,46,14,139,42,3
17,12.7,35,46,16.6,139,42,0.6
17,12.8,35,46,19.1,139,41,58.4
17,13,35,46,24.3077,139,41,52.7432
17,13.1,35,46,26.7,139,41,50.7
17,13.2,35,46,29.1,139,41,47.9
17,13.3,35,46,31.3,139,41,45.1
17,13.4,35,46,33.7,139,41,42.3
17,13.5,35,46,36.2,139,41,40
17,13.6,35,46,38.8,139,41,37.4
17,13.8,35,46,43.7,139,41,32.2
17,13.9,35,46,46.1,139,41,29.7
17,14,35,46,48.8127,139,41,25.9666
17,14.1,35,46,51.2,139,41,24.5
17,14.2,35,46,53.7,139,41,22.2
17,14.4,35,46,58.7,139,41,17.3
17,14.5,35,47,1.2,139,41,14.9
17,14.6,35,47,3.9,139,41,12.3
17,14.7,35,47,6.5,139,41,10.1
17,14.8,35,47,9.6,139,41,8.7
17,14.9,35,47,12.6,139,41,7.2
17,15,35,47,15.9225,139,41,5.4688
17,15.1,35,47,18.7,139,41,5.2
17,15.2,35,47,21.9,139,41,5.8
17,15.3,35,47,25.1,139,41,6.4
17,15.4,35,47,28.4,139,41,7
17,15.5,35,47,31.6,139,41,7.4
17,15.6,35,47,34.8,139,41,7.8
17,15.7,35,47,38.4,139,41,8
17,15.8,35,47,41.7,139,41,8.2
17,15.9,35,47,44.9,139,41,7.9
17,15.974,35,47,47.2,139,41,7.3
17,16,35,47,48.0066,139,41,6.743
17,16.2,35,47,54.2908,139,41,5.1581
17,16.4,35,48,0.6109,139,41,3.5448
17,16.6,35,48,7.015,139,41,1.9701
17,16.8,35,48,13.41,139,41,1.7492
17,17,35,48,19.9959,139,41,0.7095
17,17.2,35,48,26.3749,139,40,59.284
17,17.4,35,48,32.9059,139,40,58.3647
17,17.6,35,48,39.3524,139,40,57.4873
17,17.8,35,48,45.4943,139,40,56.655
17,21.2,35,50,14.7809,139,39,47.5699
17,21.4,35,50,18.9545,139,39,41.2736
17,21.6,35,50,23.0256,139,39,35.1586
17,21.8,35,50,27.0902,139,39,29.004
17,22,35,50,31.3253,139,39,22.5955
17,22.2,35,50,35.4559,139,39,16.3949
17,22.4,35,50,39.5123,139,39,10.2779
17,22.6,35,50,44.0107,139,39,4.8701
17,22.8,35,50,49.7708,139,39,1.2855
17,23,35,50,55.8569,139,38,57.7728
17,23.2,35,51,1.8832,139,38,54.2991
17,23.4,35,51,7.83,139,38,51.9952
17,23.6,35,51,14.2431,139,38,51.3116
17,23.8,35,51,20.6964,139,38,50.5153
17,24,35,51,26.946,139,38,49.7667
17,24.2,35,51,33.352,139,38,48.9337
17,24.4,35,51,39.768,139,38,48.2645
17,24.6,35,51,46.1008,139,38,47.5053
17,24.8,35,51,52.3444,139,38,46.669
17,25,35,51,59.8363,139,38,45.7546
17,25.2,35,52,6.337,139,38,45.0945
17,25.4,35,52,12.4744,139,38,43.2156
17,25.6,35,52,17.6396,139,38,38.6185
17,25.8,35,52,21.0637,139,38,31.8997
17,26,35,52,23.6287,139,38,24.7827
17,26.2,35,52,26.7339,139,38,17.9124
17,26.4,35,52,31.965,139,38,13.2126
17,26.6,35,52,37.4976,139,38,9.5612
17,26.8,35,52,43.2433,139,38,5.7211
17,27,35,52,49.268,139,38,1.726
17,27.2,35,52,54.9387,139,37,57.9583
17,27.4,35,53,0.611,139,37,54.2974
17,27.6,35,53,7.0073,139,37,51.9833
17,27.8,35,53,12.9962,139,37,49.4929
17,28,35,53,19.4773,139,37,46.5726
17,28.2,35,53,25.5604,139,37,43.9434
17,28.4,35,53,31.6421,139,37,41.2778
17,28.6,35,53,37.7251,139,37,38.6476
17,28.8,35,53,43.7724,139,37,35.9743
17,29,35,53,49.8834,139,37,33.4098
17,29.2,35,53,55.7816,139,37,29.9169
17,29.4,35,53,59.8464,139,37,24.536
17,29.6,35,54,3.5349,139,37,17.6614
17,29.8,35,54,7.5674,139,37,11.0842
17,30,35,54,13.0174,139,37,6.6153
17,30.2,35,54,18.9903,139,37,4.0335
17,30.4,35,54,25.1014,139,37,1.2525
17,30.6,35,54,31.0523,139,36,58.5601
17,30.8,35,54,37.4259,139,36,55.6706
17,31,35,54,43.446,139,36,53.9841
17,31.2,35,54,49.8099,139,36,53.7494
17,31.4,35,54,56.2551,139,36,53.4814
17,31.6,35,55,2.9084,139,36,53.248
17,31.8,35,55,9.2286,139,36,53.2714
17,32,35,55,16.4346,139,36,53.865
17,32.2,35,55,22.8281,139,36,54.6001
17,32.4,35,55,29.4521,139,36,55.1917
17,32.6,35,55,35.7433,139,36,55.7812
17,32.8,35,55,42.1369,139,36,56.4351
17,33,35,55,47.2339,139,36,56.9003
17,33.2,35,55,53.8917,139,36,57.5036
17,33.4,35,56,0.1375,139,36,58.1165
17,33.6,35,56,6.5008,139,36,58.6136
17,33.8,35,56,12.86,139,36,57.5696
17,34,35,56,19.7663,139,36,53.236
17,34.2,35,56,25.2948,139,36,49.1888
17,34.4,35,56,31.1204,139,36,45.8409
17,34.6,35,56,37.0411,139,36,43.3127
17,34.8,35,56,43.285,139,36,40.5981
17,35,35,56,49.479,139,36,37.8087
17,35.2,35,56,55.5925,139,36,35.2401
17,35.4,35,57,1.3805,139,36,31.8336
17,35.6,35,57,7.1327,139,36,29.4651
17,35.8,35,57,13.5359,139,36,28.9894
17,36,35,57,19.912,139,36,28.0829
17,36.2,35,57,26.3354,139,36,27.6979
17,36.4,35,57,32.7631,139,36,27.3531
17,36.6,35,57,39.2609,139,36,26.734
17,36.8,35,57,45.3956,139,36,24.1383
17,37,35,57,51.4863,139,36,20.9083
17,37.2,35,57,57.3806,139,36,17.8547
17,37.4,35,58,3.3459,139,36,14.7153
17,37.6,35,58,9.1338,139,36,11.1125
17,37.8,35,58,14.3129,139,36,6.3059
17,38,35,58,18.7676,139,36,0.7575
17,38.2,35,58,23.0261,139,35,54.7179
17,38.4,35,58,27.327,139,35,48.553
17,38.6,35,58,31.564,139,35,42.4882
17,38.8,35,58,35.7679,139,35,36.4766
17,39,35,58,40.627,139,35,30.9847
17,39.2,35,58,45.4915,139,35,25.6786
17,39.4,35,58,50.3291,139,35,20.4874
17,39.6,35,58,55.463,139,35,14.9578
17,39.8,35,59,0.3472,139,35,10.5584
17,40,35,59,5.616,139,35,5.8394
17,40.2,35,59,10.8607,139,35,1.1572
17,40.4,35,59,16.0369,139,34,56.5394
17,40.6,35,59,21.3046,139,34,51.7948
17,40.8,35,59,26.5109,139,34,47.0057
17,41,35,59,31.4571,139,34,41.6831
17,41.2,35,59,36.3042,139,34,36.4028
17,41.4,35,59,41.1284,139,34,31.1081
17,41.6,35,59,46.2911,139,34,26.2518
17,41.8,35,59,51.9337,139,34,21.8712
17,42,35,59,57.3464,139,34,17.6455
17,42.2,36,0,2.8539,139,34,13.3743
17,42.4,36,0,8.4202,139,34,9.0014
17,42.6,36,0,13.993,139,34,4.7093
17,42.8,36,0,19.4618,139,34,0.3886
17,43,36,0,24.9115,139,33,56.1763
17,43.2,36,0,30.1826,139,33,52.0984
17,43.4,36,0,35.7424,139,33,47.6693
17,43.6,36,0,41.4882,139,33,43.2411
17,43.8,36,0,47.1171,139,33,38.8986
17,44,36,0,52.2975,139,33,34.7906
17,44.2,36,0,57.4276,139,33,29.9076
17,44.4,36,1,2.4376,139,33,24.8534
17,44.6,36,1,7.5356,139,33,19.8731
17,44.8,36,1,12.5577,139,33,14.8482
17,45,36,1,18.3666,139,33,10.6537
17,45.2,36,1,24.1302,139,33,7.0254
17,45.4,36,1,29.9946,139,33,3.1852
17,45.6,36,1,35.9155,139,32,59.1124
17,45.8,36,1,40.9864,139,32,53.8799
17,46,36,1,45.3438,139,32,49.2895
17,46.2,36,1,50.2397,139,32,44.3313
17,46.4,36,1,55.6847,139,32,39.8496
17,46.6,36,2,1.0406,139,32,35.3788
17,46.8,36,2,6.401,139,32,30.9503
17,47,36,2,11.9388,139,32,26.4051
17,47.2,36,2,17.2541,139,32,21.8875
17,47.4,36,2,22.6683,139,32,17.5821
17,47.6,36,2,28.1041,139,32,13.2828
17,47.8,36,2,34.2591,139,32,8.6831
17,48,36,2,39.3407,139,32,4.8251
17,48.2,36,2,44.9308,139,32,0.4114
17,48.4,36,2,50.0714,139,31,55.9896
17,48.6,36,2,55.2295,139,31,51.5003
17,48.8,36,3,0.6559,139,31,46.8776
17,49,36,3,6.103,139,31,42.1045
17,49.2,36,3,11.4074,139,31,37.5965
17,49.4,36,3,16.5699,139,31,33.1759
17,49.6,36,3,21.4036,139,31,28.9569
17,49.8,36,3,26.5608,139,31,24.1063
17,50,36,3,31.6435,139,31,19.178
17,50.2,36,3,37.3411,139,31,13.7334
17,50.4,36,3,42.3277,139,31,9.0173
17,50.6,36,3,46.4696,139,31,4.0832
17,50.8,36,3,50.352,139,30,57.6996
17,51,36,3,54.8265,139,30,50.2328
17,51.2,36,3,58.7263,139,30,43.6868
17,51.4,36,4,2.648,139,30,37.2376
17,51.6,36,4,5.7815,139,30,30.6057
17,51.8,36,4,7.9314,139,30,23.0872
17,52,36,4,9.9069,139,30,16.15
17,52.2,36,4,12.0216,139,30,8.8425
17,52.4,36,4,15.5624,139,30,2.0935
17,52.6,36,4,20.2828,139,29,56.6905
17,52.8,36,4,25.0122,139,29,51.2853
17,53,36,4,30.2358,139,29,45.2564
17,53.2,36,4,34.9416,139,29,39.8325
17,53.4,36,4,39.7245,139,29,34.2798
17,53.6,36,4,44.6059,139,29,28.7043
17,53.8,36,4,49.3758,139,29,23.2491
17,54,36,4,54.1381,139,29,17.732
17,54.2,36,4,58.9584,139,29,12.2826
17,54.4,36,5,3.6311,139,29,6.9586
17,54.6,36,5,8.365,139,29,1.5473
17,54.8,36,5,12.9507,139,28,55.9872
17,55,36,5,17.7183,139,28,50.8322
17,55.2,36,5,21.899,139,28,44.7328
17,55.4,36,5,25.5938,139,28,38.4871
17,55.6,36,5,29.4506,139,28,31.9399
17,55.8,36,5,33.288,139,28,25.4542
17,56,36,5,37.0867,139,28,18.8791
17,56.2,36,5,40.9158,139,28,12.5312
17,56.4,36,5,44.702,139,28,6.1248
17,56.6,36,5,49.3636,139,28,0.5463
17,56.8,36,5,55.2414,139,27,57.2836
17,57,36,6,1.707,139,27,54.9525
17,57.2,36,6,7.9561,139,27,52.5992
17,57.4,36,6,13.6156,139,27,49.077
17,57.6,36,6,18.7041,139,27,44.1408
17,57.8,36,6,22.8844,139,27,38.0627
17,58,36,6,26.6536,139,27,31.5788
17,58.2,36,6,30.5228,139,27,25.1757
17,58.4,36,6,34.0951,139,27,18.6072
17,58.6,36,6,36.3829,139,27,11.1922
17,58.8,36,6,37.1355,139,27,3.2976
17,59,36,6,37.4011,139,26,54.036
17,59.2,36,6,37.6771,139,26,46.0834
17,59.4,36,6,39.1541,139,26,38.3587
17,59.6,36,6,42.6685,139,26,31.688
17,59.8,36,6,46.4978,139,26,25.478
17,60,36,6,50.0712,139,26,19.8019
17,60.2,36,6,53.9639,139,26,13.4578
17,60.4,36,6,57.8888,139,26,7.1702
17,60.6,36,7,1.8074,139,26,0.78
17,60.8,36,7,5.6778,139,25,54.39
17,61,36,7,9.6367,139,25,48.0677
17,61.2,36,7,13.5464,139,25,41.7419
17,61.4,36,7,17.4574,139,25,35.4075
17,61.6,36,7,21.3604,139,25,29.0657
17,61.8,36,7,25.2783,139,25,22.7259
17,62,36,7,29.1061,139,25,16.5061
17,62.2,36,7,32.9625,139,25,10.2764
17,62.4,36,7,36.9731,139,25,3.7284
17,62.6,36,7,40.8453,139,24,57.3867
17,62.8,36,7,44.7364,139,24,51.1983
17,63,36,7,49.4003,139,24,43.5262
17,63.2,36,7,53.375,139,24,37.2829
17,63.4,36,7,57.3829,139,24,31.03
17,63.6,36,8,1.2726,139,24,24.7546
17,63.8,36,8,4.992,139,24,18.1438
17,64,36,8,8.3371,139,24,12.1951
17,64.2,36,8,11.9995,139,24,5.6153
17,64.4,36,8,15.5837,139,23,59.1944
17,64.6,36,8,19.892,139,23,53.0599
17,64.8,36,8,24.158,139,23,46.7681
17,65,36,8,28.2676,139,23,40.2665
17,65.2,36,8,31.2357,139,23,33.3054
17,65.4,36,8,33.6515,139,23,25.3659
17,65.6,36,8,35.8529,139,23,18.2134
17,65.8,36,8,38.1346,139,23,10.8279
17,66,36,8,40.0721,139,23,4.4642
17,66.2,36,8,42.5139,139,22,57.1942
17,66.4,36,8,45.4502,139,22,50.1505
17,66.6,36,8,48.9795,139,22,43.339
17,66.8,36,8,53.5279,139,22,37.6701
17,67,36,8,58.1106,139,22,31.984
17,67.2,36,9,3.0114,139,22,26.8382
17,67.4,36,9,8.1681,139,22,22.025
17,67.6,36,9,12.7372,139,22,16.5605
17,67.8,36,9,17.7314,139,22,11.1239
17,68,36,9,23.0263,139,22,4.9326
17,68.2,36,9,27.491,139,21,59.0478
17,68.4,36,9,32.406,139,21,53.8668
17,68.6,36,9,37.6366,139,21,49.1657
17,68.8,36,9,42.6242,139,21,44.6723
17,69,36,9,48.1263,139,21,39.6633
17,69.2,36,9,52.9515,139,21,34.4513
17,69.4,36,9,56.0624,139,21,27.4789
17,69.6,36,9,59.2111,139,21,20.5447
17,69.8,36,10,2.322,139,21,13.5438
17,70,36,10,5.3322,139,21,6.6958
17,70.2,36,10,8.4622,139,20,59.7197
17,70.4,36,10,11.7751,139,20,52.8719
17,70.6,36,10,15.0811,139,20,46.0311
17,70.8,36,10,18.359,139,20,39.1807
17,71,36,10,21.9091,139,20,31.9217
17,71.2,36,10,25.2255,139,20,25.0925
17,71.4,36,10,28.5374,139,20,18.2572
17,71.6,36,10,31.7647,139,20,11.5513
17,72,36,10,38.2167,139,19,57.9656
17,72.4,36,10,44.7879,139,19,43.9556
17,72.6,36,10,48.0076,139,19,36.9675
17,72.8,36,10,51.1807,139,19,29.9819
17,73,36,10,54.4629,139,19,22.733
17,73.2,36,10,57.6718,139,19,15.7736
17,73.4,36,11,0.8162,139,19,8.9295
17,73.6,36,11,4.0225,139,19,1.9512
17,73.8,36,11,7.1392,139,18,55.1513
17,74,36,11,10.2786,139,18,48.3143
17,74.2,36,11,13.2179,139,18,41.9433
17,74.4,36,11,16.6708,139,18,34.4859
17,74.6,36,11,19.8274,139,18,27.5907
17,74.8,36,11,22.9614,139,18,20.7853
17,75,36,11,26.8868,139,18,12.4569
17,75.2,36,11,30.0643,139,18,5.5221
17,111,36,21,7.4483,139,0,26.8753
17,112,36,21,29.847,139,0,54.726
17,113,36,21,58.2425,139,1,15.4519
17,114,36,22,23.9245,139,1,39.0246
17,115,36,22,42.2738,139,2,11.6074
17,116,36,23,5.12,139,2,40.0915
17,117,36,23,13.5461,139,3,17.691
17,118,36,23,16.4552,139,3,57.6711
17,119,36,23,44.4363,139,4,6.7703
17,120,36,24,14.8954,139,4,1.5953
17,121,36,24,47.0936,139,3,46.6055
17,122,36,25,17.1296,139,3,32.702
17,123,36,25,46.022,139,3,16.0035
17,124,36,26,15.7564,139,2,59.0583
17,130,36,28,42.5481,139,1,2.4773
17,131,36,29,9.5873,139,0,43.7117
17,132,36,29,40.5123,139,0,47.7266
17,136,36,32,38.8917,139,1,34.6945
17,137,36,33,7.8291,139,1,46.2888
17,138,36,33,30.3244,139,2,12.8546
17,139,36,34,3.9333,139,2,16.9429
17,140,36,34,24.3011,139,2,43.7861
17,142,36,35,10.4461,139,3,8.7883
17,143,36,35,19.9545,139,3,14.1252
17,144,36,35,46.082,139,2,58.6622
17,145,36,36,15.5289,139,2,47.3714
17,146,36,36,44.7421,139,2,29.7977
17,147,36,37,15.608,139,2,24.7704
17,148,36,37,39.0027,139,2,13.5178
17,149,36,38,0.2094,139,1,57.9448
17,150,36,38,29.4558,139,1,48.9366
17,151,36,38,58.254,139,1,30.1456
17,152,36,39,26.6147,139,1,11.2599
17,154,36,40,10.4171,139,0,27.4211
17,155,36,40,7.6422,138,59,53.3614
17,156,36,40,15.1779,138,59,18.2468
17,157,36,40,35.1046,138,58,46.8347
17,158,36,40,50.7651,138,58,12.815
17,159,36,40,56.4855,138,57,32.7351
17,160,36,40,43.9556,138,56,58.6799
17,161,36,40,52.1473,138,56,22.4697
17,162,36,41,5.3422,138,55,48.2645
17,163,36,41,24.4904,138,55,15.9745
17,164,36,41,49.2797,138,54,54.4922
17BP,0,35,46,1.7,139,39,10.6
17BP,0.2,35,46,7.7,139,39,8.4
17BP,0.4,35,46,14.3,139,39,6
17BP,0.5,35,46,17.4,139,39,5
17BP,0.6,35,46,20.7,139,39,4
17BP,0.7,35,46,23.7,139,39,3.4
17BP,1.1,35,46,36.6,139,39,2.3
17BP,1.2,35,46,39.8,139,39,2.1
17BP,1.3,35,46,43,139,39,1.6
17BP,1.4,35,46,46.3,139,39,0.8
17BP,1.5,35,46,49.3,139,38,59.4
17BP,1.6,35,46,52.1,139,38,57.6
17BP,1.7,35,46,54.7,139,38,55.5
17BP,1.8,35,46,57.5,139,38,53.1
17BP,2.1,35,47,5.8,139,38,45
17BP,2.2,35,47,7.5,139,38,43.4
17BP,2.3,35,47,10.3,139,38,41.1
17BP,2.4,35,47,13.2,139,38,38.6
17BP,2.5,35,47,15.9,139,38,36.7
17BP,2.6,35,47,19,139,38,36
17BP,2.7,35,47,21.8,139,38,35.6
17BP,2.8,35,47,25.5,139,38,35.7
17BP,2.9,35,47,28.7,139,38,36.5
17BP,3.2,35,47,37.9,139,38,40.2
17BP,3.3,35,47,41,139,38,41.5
17BP,3.4,35,47,44.2,139,38,42.7
17BP,3.483,35,47,46.7,139,38,43.7
17BP,19,35,47,49.6377,139,38,43.8691
17BP,20,35,48,19.7674,139,38,56.1892
17BP,25,35,50,43.4125,139,37,34.3735
17BP,26,35,51,14.7787,139,37,23.8209
17BP,27,35,51,46.2358,139,37,14.4227
17BP,28,35,52,18.6969,139,37,11.1145
17BP,29,35,52,49.7391,139,37,0.6359
17BP,30,35,53,19.9171,139,36,46.9601
17BP,31,35,53,43.45,139,36,22.1627
17BP,32,35,54,8.5213,139,35,55.7435
17BP,33,35,54,37.2978,139,35,37.8882
17BP,34,35,55,10.9482,139,35,34.2159
17BP,55,36,5,25.0144,139,29,19.3301
17BP,56,36,5,56.9954,139,29,12.4522
17BP,57,36,6,26.6911,139,28,56.1791
17BP,58,36,6,54.9469,139,28,35.9546
17BP,59,36,7,14.0533,139,28,3.8757
17BP,60,36,7,31.1601,139,27,29.8795
17BP,61,36,7,47.5769,139,26,55.3379
17BP,62,36,8,2.9443,139,26,20.1103
17BP,63,36,8,23.6443,139,25,50.0801
17BP,64,36,8,50.4862,139,25,27.6583
17BP,65,36,9,13.0691,139,24,59.0413
17BP,66,36,9,30.5539,139,24,25.0075
17BP,67,36,9,46.2262,139,23,50.1329
17BP,68,36,9,57.6021,139,23,12.6294
17BP,69,36,10,12.1055,139,22,38.0684
17BP,70,36,10,24.7511,139,22,1.7293
17BP,71,36,10,29.3981,139,21,22.1579
17BP,72,36,10,17.1139,139,20,45.5725
17BP,95,36,21,5.7652,139,13,3.4392
17BP,96,36,21,22.0087,139,12,29.5646
17BP,97,36,21,34.6753,139,11,52.5537
17BP,98,36,21,46.5517,139,11,15.9694
17BP,99,36,21,52.7712,139,10,36.1103
17BP,100,36,21,51.5037,139,9,56.126
17BP,101,36,22,2.6436,139,9,19.9363
17BP,70,36,10,23.6334,139,22,1.4388
17BP,71,36,10,41.2402,139,21,28.7138
17BP,72,36,11,8.5393,139,21,7.1002
254,0,35,42,27.1,139,45,38.1
254,0.2,35,42,26.5,139,45,29.5
254,0.3,35,42,26.4,139,45,25.6
254,0.4,35,42,26.7,139,45,21.6
254,0.6,35,42,30,139,45,15.2
254,0.7,35,42,30.5,139,45,11
254,0.8,35,42,30.6,139,45,7
254,0.9,35,42,30.7,139,45,3.3
254,1,35,42,30.4501,139,45,0.0691
254,1.1,35,42,32.7,139,44,56.1
254,1.2,35,42,34.9,139,44,53.1
254,1.3,35,42,36.6,139,44,49.7
254,1.4,35,42,38.1,139,44,46.3
254,1.5,35,42,39.8,139,44,42.9
254,1.6,35,42,42,139,44,40
254,1.8,35,42,46.4,139,44,33.8
254,2,35,42,50.0977,139,44,27.3546
254,2.1,35,42,52.8,139,44,25
254,2.2,35,42,55.6,139,44,23.2
254,2.3,35,42,58.2,139,44,20.9
254,2.4,35,43,0.4,139,44,17.9
254,2.6,35,43,4.5,139,44,11.6
254,2.8,35,43,8.6,139,44,5.6
254,3,35,43,11.4504,139,44,0.2787
254,3.1,35,43,14.4,139,43,57.2
254,3.2,35,43,17.5,139,43,54.2
254,3.4,35,43,23.7,139,43,51.9
254,3.6,35,43,29.9,139,43,49.6
254,3.7,35,43,32.8,139,43,47.9
254,3.8,35,43,35.1,139,43,44.5
254,4,35,43,37.8239,139,43,39.9335
254,4.2,35,43,42.8,139,43,32.9
254,4.3,35,43,44.9,139,43,29.7
254,4.4,35,43,46.8,139,43,26.4
254,4.6,35,43,50.2,139,43,20.3
254,4.8,35,43,53.7,139,43,13.7
254,4.9,35,43,55.6,139,43,10.1
254,5,35,43,56.5086,139,43,7.408
254,5.1,35,43,58.8,139,43,3.5
254,5.2,35,44,0.8,139,43,0.6
254,5.4,35,44,5.9,139,42,52.6
254,5.5,35,44,8.7,139,42,53.9
254,5.6,35,44,11.8,139,42,52.1
254,5.7,35,44,14.3,139,42,49.6
254,5.8,35,44,15.8,139,42,46.7
254,6,35,44,18.325,139,42,40.2513
254,6.2,35,44,22.6,139,42,33.1
254,6.3,35,44,24.5,139,42,30
254,6.4,35,44,26.7,139,42,27
254,6.6,35,44,31,139,42,21.3
254,6.8,35,44,35.5,139,42,15.5
254,7,35,44,39.1248,139,42,10.2643
254,7.2,35,44,44.5,139,42,0.4
254,7.4,35,44,48.9,139,41,58.3
254,7.6,35,44,53.4,139,41,52.5
254,7.8,35,44,58.1,139,41,46.6
254,7.9,35,45,0.3,139,41,43.7
254,8,35,45,1.3701,139,41,41.5612
254,8.2,35,45,6.7,139,41,34.3
254,8.4,35,45,10.7,139,41,28.5
254,8.6,35,45,14.9,139,41,22.4
254,8.8,35,45,19.1,139,41,16.2
254,9,35,45,22.0983,139,41,10.5856
254,9.2,35,45,26.7,139,41,3.1
254,9.4,35,45,30.3,139,40,56.6
254,9.6,35,45,33.8,139,40,50
254,9.7,35,45,35.1,139,40,46.4
254,9.8,35,45,36.3,139,40,42.4
254,10,35,45,37.4622,139,40,36.9392
254,10.2,35,45,40.3,139,40,27.9
254,10.4,35,45,42.5,139,40,20.5
254,10.6,35,45,44.5,139,40,12.9
254,10.8,35,45,46.7,139,40,5.3
254,11,35,45,48.0017,139,39,59.4749
254,11.2,35,45,51.8,139,39,46.7
254,11.4,35,45,53,139,39,42.6
254,11.6,35,45,55,139,39,35.3
254,11.8,35,45,57.1,139,39,27.5
254,12,35,45,58.3644,139,39,21.6742
254,12.2,35,46,1.3,139,39,12.7
254,12.4,35,46,3.1,139,39,5
254,12.6,35,46,5,139,38,57.4
254,12.8,35,46,6.9,139,38,49.8
254,12.9,35,46,8,139,38,45.8
254,13,35,46,7.6457,139,38,45.9342
254,13.2,35,46,13.4,139,38,36
254,13.3,35,46,15.1,139,38,32.7
254,13.4,35,46,16.2,139,38,28.9
254,13.6,35,46,17.9,139,38,21.2
254,13.7,35,46,19.1,139,38,17.6
254,13.8,35,46,20.8,139,38,14.3
254,13.9,35,46,23.1,139,38,11.3
254,14,35,46,22.4646,139,38,11.5089
254,14.1,35,46,28,139,38,6
254,14.2,35,46,30.4,139,38,3.6
254,14.4,35,46,33.9,139,37,56.9
254,14.6,35,46,37.3,139,37,50.1
254,14.7,35,46,39.1,139,37,46.7
254,14.8,35,46,41,139,37,43.3
254,14.9,35,46,42.7,139,37,40
254,15,35,46,42.1903,139,37,40.3568
254,15.1,35,46,45.6,139,37,32.9
254,15.2,35,46,46.7,139,37,29.2
254,15.222,35,46,46.6,139,37,28.6
